Column1.1,Column1,Column1.3,Column1.4,Column1.5
TIME:3:38:42,,IR1:30,IR2:0,US:39
TIME:3:38:42,,IR1:15,IR2:0,US:80
TIME:3:38:43,,IR1:0,IR2:0,US:81
TIME:3:38:43,,IR1:0,IR2:0,US:79
TIME:3:38:44,,IR1:0,IR2:0,US:80
TIME:3:38:45,,IR1:0,IR2:0,US:80
TIME:3:38:45,,IR1:0,IR2:0,US:79
TIME:3:38:46,,IR1:0,IR2:0,US:80
TIME:3:38:46,,IR1:0,IR2:30,US:79
TIME:3:38:47,,IR1:0,IR2:0,US:81
TIME:3:38:47,,IR1:0,IR2:0,US:80
TIME:3:38:48,,IR1:0,IR2:0,US:81
TIME:3:38:48,,IR1:0,IR2:0,US:80
TIME:3:38:49,,IR1:45,IR2:15,US:81
TIME:3:38:49,,IR1:75,IR2:75,US:35
TIME:3:38:50,,IR1:75,IR2:75,US:23
TIME:3:38:51,,IR1:75,IR2:75,US:50
TIME:3:38:51,,IR1:60,IR2:75,US:37
TIME:3:38:52,,IR1:60,IR2:90,US:23
TIME:3:38:52,,IR1:15,IR2:60,US:23
TIME:3:38:53,,IR1:0,IR2:75,US:47
TIME:3:38:53,,IR1:75,IR2:60,US:40
TIME:3:38:54,,IR1:60,IR2:90,US:33
TIME:3:38:54,,IR1:60,IR2:60,US:63
TIME:3:38:55,,IR1:75,IR2:75,US:50
TIME:3:38:55,,IR1:75,IR2:75,US:38
TIME:3:38:56,,IR1:15,IR2:60,US:27
TIME:3:38:57,,IR1:0,IR2:75,US:18
TIME:3:38:57,,IR1:45,IR2:120,US:48
TIME:3:38:58,,IR1:0,IR2:60,US:39
TIME:3:38:58,,IR1:0,IR2:60,US:124
TIME:3:38:59,,IR1:45,IR2:60,US:63
TIME:3:38:59,,IR1:105,IR2:105,US:25
TIME:3:39:00,,IR1:15,IR2:75,US:16
TIME:3:39:00,,IR1:0,IR2:90,US:53
TIME:3:39:01,,IR1:0,IR2:60,US:37
TIME:3:39:01,,IR1:0,IR2:90,US:29
TIME:3:39:02,,IR1:0,IR2:75,US:51
TIME:3:39:03,,IR1:15,IR2:75,US:42
TIME:3:39:03,,IR1:75,IR2:75,US:24
TIME:3:39:03,,IR1:75,IR2:75,US:99
TIME:3:39:04,,IR1:75,IR2:75,US:88
TIME:3:39:05,,IR1:75,IR2:75,US:77
TIME:3:39:05,,IR1:75,IR2:75,US:65
TIME:3:39:05,,IR1:60,IR2:90,US:54
TIME:3:39:06,,IR1:60,IR2:60,US:43
TIME:3:39:07,,IR1:15,IR2:75,US:31
TIME:3:39:07,,IR1:15,IR2:75,US:22
TIME:3:39:08,,IR1:30,IR2:75,US:48
TIME:3:39:08,,IR1:0,IR2:60,US:33
TIME:3:39:09,,IR1:15,IR2:75,US:25
TIME:3:39:09,,IR1:75,IR2:60,US:57
TIME:3:39:10,,IR1:105,IR2:75,US:101
TIME:3:39:10,,IR1:75,IR2:75,US:56
TIME:3:39:11,,IR1:75,IR2:60,US:20
TIME:3:39:12,,IR1:75,IR2:60,US:59
TIME:3:39:12,,IR1:75,IR2:90,US:45
TIME:3:39:13,,IR1:60,IR2:90,US:30
TIME:3:39:13,,IR1:30,IR2:75,US:16
TIME:3:39:14,,IR1:0,IR2:75,US:65
TIME:3:39:14,,IR1:0,IR2:90,US:55
TIME:3:39:15,,IR1:0,IR2:60,US:42
TIME:3:39:15,,IR1:30,IR2:75,US:123
TIME:3:39:16,,IR1:60,IR2:75,US:117
TIME:3:39:17,,IR1:60,IR2:90,US:106
TIME:3:39:17,,IR1:30,IR2:90,US:38
TIME:3:39:17,,IR1:45,IR2:75,US:13
TIME:3:39:18,,IR1:0,IR2:75,US:50
TIME:3:39:19,,IR1:0,IR2:60,US:40
TIME:3:39:19,,IR1:0,IR2:90,US:37
TIME:3:39:20,,IR1:0,IR2:75,US:55
TIME:3:39:20,,IR1:60,IR2:75,US:104
TIME:3:39:21,,IR1:75,IR2:75,US:86
TIME:3:39:21,,IR1:75,IR2:90,US:80
TIME:3:39:22,,IR1:75,IR2:75,US:51
TIME:3:39:23,,IR1:75,IR2:75,US:61
TIME:3:39:23,,IR1:75,IR2:75,US:51
TIME:3:39:23,,IR1:45,IR2:90,US:38
TIME:3:39:24,,IR1:45,IR2:75,US:27
TIME:3:39:25,,IR1:0,IR2:60,US:28
TIME:3:39:25,,IR1:60,IR2:75,US:39
TIME:3:39:25,,IR1:75,IR2:75,US:78
TIME:3:39:26,,IR1:90,IR2:75,US:67
TIME:3:39:27,,IR1:105,IR2:60,US:73
TIME:3:39:28,,IR1:75,IR2:60,US:61
TIME:3:39:28,,IR1:90,IR2:90,US:47
TIME:3:39:29,,IR1:60,IR2:75,US:34
TIME:3:39:29,,IR1:15,IR2:75,US:81
TIME:3:39:29,,IR1:15,IR2:60,US:11
TIME:3:39:30,,IR1:0,IR2:0,US:48
TIME:3:39:31,,IR1:0,IR2:0,US:67
TIME:3:39:31,,IR1:0,IR2:0,US:68
TIME:3:39:32,,IR1:45,IR2:45,US:67
TIME:3:39:32,,IR1:75,IR2:90,US:59
TIME:3:39:33,,IR1:90,IR2:75,US:44
TIME:3:39:33,,IR1:75,IR2:75,US:29
TIME:3:39:34,,IR1:30,IR2:90,US:15
TIME:3:39:34,,IR1:45,IR2:60,US:9
TIME:3:39:35,,IR1:0,IR2:60,US:94
TIME:3:39:36,,IR1:0,IR2:0,US:95
TIME:3:39:36,,IR1:0,IR2:0,US:93
TIME:3:39:36,,IR1:0,IR2:0,US:93
TIME:3:39:37,,IR1:0,IR2:0,US:91
TIME:3:39:37,,IR1:0,IR2:0,US:92
TIME:3:39:38,,IR1:0,IR2:0,US:50
TIME:3:39:39,,IR1:0,IR2:0,US:43
TIME:3:39:39,,IR1:0,IR2:0,US:91
TIME:3:39:40,,IR1:0,IR2:0,US:44
TIME:3:39:40,,IR1:30,IR2:30,US:90
TIME:3:39:41,,IR1:75,IR2:75,US:88
TIME:3:39:41,,IR1:75,IR2:75,US:76
TIME:3:39:42,,IR1:60,IR2:75,US:64
TIME:3:39:42,,IR1:0,IR2:60,US:55
TIME:3:39:43,,IR1:0,IR2:60,US:52
TIME:3:39:43,,IR1:60,IR2:60,US:85
TIME:3:39:44,,IR1:60,IR2:75,US:24
TIME:3:39:44,,IR1:90,IR2:75,US:99
TIME:3:39:45,,IR1:60,IR2:60,US:85
TIME:3:39:46,,IR1:90,IR2:75,US:74
TIME:3:39:46,,IR1:15,IR2:60,US:63
TIME:3:39:47,,IR1:15,IR2:60,US:32
TIME:3:39:47,,IR1:45,IR2:75,US:22
TIME:3:39:48,,IR1:30,IR2:60,US:41
TIME:3:39:49,,IR1:15,IR2:90,US:79
TIME:3:39:49,,IR1:60,IR2:60,US:70
TIME:3:39:49,,IR1:90,IR2:75,US:59
TIME:3:39:50,,IR1:90,IR2:75,US:44
TIME:3:39:51,,IR1:30,IR2:75,US:31
TIME:3:39:51,,IR1:15,IR2:105,US:23
TIME:3:39:52,,IR1:60,IR2:75,US:75
TIME:3:39:52,,IR1:15,IR2:90,US:64
TIME:3:39:53,,IR1:90,IR2:60,US:50
TIME:3:39:53,,IR1:75,IR2:75,US:41
TIME:3:39:54,,IR1:45,IR2:60,US:29
TIME:3:39:54,,IR1:15,IR2:75,US:20
TIME:3:39:55,,IR1:45,IR2:60,US:16
TIME:3:39:55,,IR1:30,IR2:60,US:76
TIME:3:39:56,,IR1:60,IR2:75,US:69
TIME:3:39:56,,IR1:60,IR2:60,US:56
TIME:3:39:57,,IR1:60,IR2:75,US:44
TIME:3:39:57,,IR1:60,IR2:60,US:33
TIME:3:39:58,,IR1:15,IR2:60,US:23
TIME:3:39:59,,IR1:0,IR2:75,US:17
TIME:3:39:59,,IR1:0,IR2:60,US:69
TIME:3:40:00,,IR1:45,IR2:75,US:63
TIME:3:40:00,,IR1:60,IR2:60,US:56
TIME:3:40:01,,IR1:30,IR2:60,US:45
TIME:3:40:01,,IR1:75,IR2:75,US:50
TIME:3:40:02,,IR1:75,IR2:60,US:30
TIME:3:40:02,,IR1:60,IR2:60,US:59
TIME:3:40:03,,IR1:60,IR2:75,US:44
TIME:3:40:04,,IR1:75,IR2:60,US:32
TIME:3:40:04,,IR1:75,IR2:75,US:24
TIME:3:40:05,,IR1:75,IR2:75,US:43
TIME:3:40:05,,IR1:75,IR2:75,US:71
TIME:3:40:06,,IR1:60,IR2:75,US:23
TIME:3:40:06,,IR1:45,IR2:60,US:60
TIME:3:40:07,,IR1:45,IR2:60,US:49
TIME:3:40:07,,IR1:45,IR2:75,US:39
TIME:3:40:08,,IR1:45,IR2:60,US:27
TIME:3:40:08,,IR1:0,IR2:60,US:65
TIME:3:40:09,,IR1:90,IR2:45,US:45
TIME:3:40:09,,IR1:90,IR2:60,US:37
TIME:3:40:10,,IR1:45,IR2:75,US:94
TIME:3:40:10,,IR1:15,IR2:60,US:82
TIME:3:40:11,,IR1:75,IR2:60,US:80
TIME:3:40:12,,IR1:60,IR2:60,US:124
TIME:3:40:12,,IR1:60,IR2:75,US:66
TIME:3:40:13,,IR1:60,IR2:60,US:89
TIME:3:40:13,,IR1:60,IR2:60,US:75
TIME:3:40:14,,IR1:45,IR2:75,US:77
TIME:3:40:14,,IR1:60,IR2:60,US:77
TIME:3:40:15,,IR1:60,IR2:90,US:65
TIME:3:40:16,,IR1:60,IR2:75,US:53
TIME:3:40:16,,IR1:60,IR2:75,US:41
TIME:3:40:16,,IR1:30,IR2:90,US:33
TIME:3:40:17,,IR1:60,IR2:60,US:31
TIME:3:40:17,,IR1:75,IR2:75,US:36
TIME:3:40:18,,IR1:15,IR2:75,US:28
TIME:3:40:18,,IR1:30,IR2:60,US:87
TIME:3:40:19,,IR1:75,IR2:75,US:106
TIME:3:40:20,,IR1:60,IR2:60,US:94
TIME:3:40:20,,IR1:60,IR2:75,US:82
TIME:3:40:21,,IR1:60,IR2:75,US:70
TIME:3:40:21,,IR1:60,IR2:75,US:57
TIME:3:40:22,,IR1:75,IR2:60,US:44
TIME:3:40:22,,IR1:60,IR2:75,US:31
TIME:3:40:23,,IR1:45,IR2:60,US:21
TIME:3:40:23,,IR1:15,IR2:75,US:69
TIME:3:40:24,,IR1:75,IR2:75,US:57
TIME:3:40:24,,IR1:15,IR2:60,US:36
TIME:3:40:25,,IR1:60,IR2:60,US:121
TIME:3:40:25,,IR1:75,IR2:105,US:111
TIME:3:40:26,,IR1:90,IR2:75,US:101
TIME:3:40:27,,IR1:75,IR2:60,US:89
TIME:3:40:27,,IR1:30,IR2:60,US:80
TIME:3:40:28,,IR1:30,IR2:75,US:69
TIME:3:40:28,,IR1:0,IR2:60,US:63
TIME:3:41:04,,IR1:0,IR2:0,US:78
TIME:3:41:05,,IR1:0,IR2:0,US:78
TIME:3:41:05,,IR1:0,IR2:0,US:78
TIME:3:41:06,,IR1:0,IR2:0,US:77
TIME:3:41:07,,IR1:0,IR2:0,US:78
TIME:3:41:07,,IR1:0,IR2:0,US:77
TIME:3:41:08,,IR1:0,IR2:0,US:78
TIME:3:41:08,,IR1:0,IR2:0,US:71
TIME:3:41:09,,IR1:15,IR2:0,US:77
TIME:3:41:09,,IR1:30,IR2:0,US:77
TIME:3:41:10,,IR1:60,IR2:30,US:74
TIME:3:41:10,,IR1:30,IR2:45,US:69
TIME:3:41:11,,IR1:60,IR2:15,US:63
TIME:3:41:12,,IR1:15,IR2:15,US:60
TIME:3:41:12,,IR1:0,IR2:0,US:58
TIME:3:41:13,,IR1:0,IR2:0,US:58
TIME:3:41:13,,IR1:0,IR2:0,US:58
TIME:3:41:14,,IR1:0,IR2:15,US:58
TIME:3:41:15,,IR1:0,IR2:60,US:32
TIME:3:41:15,,IR1:0,IR2:75,US:49
TIME:3:41:15,,IR1:0,IR2:90,US:41
TIME:3:41:16,,IR1:0,IR2:90,US:35
TIME:3:41:17,,IR1:0,IR2:60,US:87
TIME:3:41:17,,IR1:0,IR2:75,US:85
TIME:3:41:17,,IR1:0,IR2:90,US:16
TIME:3:41:18,,IR1:0,IR2:75,US:32
TIME:3:41:19,,IR1:0,IR2:60,US:48
TIME:3:41:19,,IR1:0,IR2:60,US:42
TIME:3:41:20,,IR1:0,IR2:45,US:35
TIME:3:41:20,,IR1:30,IR2:45,US:92
TIME:3:41:21,,IR1:45,IR2:60,US:86
TIME:3:41:21,,IR1:75,IR2:75,US:74
TIME:3:41:22,,IR1:75,IR2:60,US:62
TIME:3:41:22,,IR1:60,IR2:75,US:49
TIME:3:41:23,,IR1:90,IR2:75,US:37
TIME:3:41:23,,IR1:15,IR2:60,US:26
TIME:3:41:24,,IR1:75,IR2:75,US:18
TIME:3:41:24,,IR1:15,IR2:60,US:44
TIME:3:41:25,,IR1:60,IR2:60,US:35
TIME:3:41:26,,IR1:30,IR2:60,US:30
TIME:3:41:26,,IR1:105,IR2:60,US:67
TIME:3:41:27,,IR1:45,IR2:75,US:54
TIME:3:41:27,,IR1:45,IR2:75,US:54
TIME:3:41:28,,IR1:0,IR2:60,US:91
TIME:3:41:28,,IR1:15,IR2:75,US:49
TIME:3:41:29,,IR1:60,IR2:60,US:47
TIME:3:41:29,,IR1:75,IR2:90,US:35
TIME:3:41:30,,IR1:90,IR2:75,US:53
TIME:3:41:30,,IR1:75,IR2:60,US:39
TIME:3:41:31,,IR1:75,IR2:75,US:25
TIME:3:41:31,,IR1:0,IR2:75,US:27
TIME:3:41:32,,IR1:0,IR2:60,US:31
TIME:3:41:33,,IR1:0,IR2:60,US:30
TIME:3:41:33,,IR1:75,IR2:60,US:81
TIME:3:41:34,,IR1:75,IR2:75,US:73
TIME:3:41:34,,IR1:60,IR2:60,US:61
TIME:3:41:35,,IR1:75,IR2:75,US:39
TIME:3:41:35,,IR1:135,IR2:75,US:37
TIME:3:41:36,,IR1:45,IR2:90,US:24
TIME:3:41:36,,IR1:120,IR2:90,US:16
TIME:3:41:37,,IR1:45,IR2:75,US:48
TIME:3:41:37,,IR1:60,IR2:60,US:53
TIME:3:41:38,,IR1:105,IR2:60,US:41
TIME:3:41:39,,IR1:75,IR2:75,US:34
TIME:3:41:39,,IR1:30,IR2:60,US:24
TIME:3:41:39,,IR1:30,IR2:75,US:60
TIME:3:41:40,,IR1:30,IR2:75,US:116
TIME:3:41:41,,IR1:75,IR2:75,US:36
TIME:3:41:41,,IR1:75,IR2:90,US:26
TIME:3:41:42,,IR1:75,IR2:60,US:66
TIME:3:41:42,,IR1:60,IR2:75,US:54
TIME:3:41:43,,IR1:60,IR2:75,US:41
TIME:3:41:43,,IR1:60,IR2:75,US:31
TIME:3:41:44,,IR1:15,IR2:90,US:20
TIME:3:41:44,,IR1:45,IR2:60,US:58
TIME:3:41:45,,IR1:15,IR2:60,US:53
TIME:3:41:45,,IR1:30,IR2:60,US:99
TIME:3:41:46,,IR1:60,IR2:60,US:90
TIME:3:41:46,,IR1:60,IR2:75,US:79
TIME:3:41:47,,IR1:75,IR2:60,US:39
TIME:3:41:48,,IR1:45,IR2:75,US:29
TIME:3:41:48,,IR1:90,IR2:75,US:20
TIME:3:41:49,,IR1:0,IR2:75,US:61
TIME:3:41:49,,IR1:45,IR2:75,US:90
TIME:3:41:50,,IR1:105,IR2:75,US:80
TIME:3:41:50,,IR1:75,IR2:75,US:66
TIME:3:41:51,,IR1:105,IR2:75,US:53
TIME:3:41:51,,IR1:60,IR2:60,US:40
TIME:3:41:52,,IR1:60,IR2:75,US:28
TIME:3:41:53,,IR1:30,IR2:60,US:16
TIME:3:41:53,,IR1:60,IR2:45,US:8
TIME:3:41:53,,IR1:0,IR2:0,US:68
TIME:3:41:54,,IR1:0,IR2:0,US:70
TIME:3:41:54,,IR1:0,IR2:0,US:76
TIME:3:41:55,,IR1:0,IR2:0,US:71
TIME:3:41:56,,IR1:0,IR2:0,US:87
TIME:3:41:56,,IR1:0,IR2:0,US:46
TIME:3:41:57,,IR1:0,IR2:0,US:62
TIME:3:41:57,,IR1:0,IR2:0,US:61
TIME:3:41:58,,IR1:45,IR2:60,US:58
TIME:3:41:58,,IR1:60,IR2:45,US:80
TIME:3:41:59,,IR1:15,IR2:15,US:64
TIME:3:41:59,,IR1:75,IR2:15,US:69
TIME:3:42:00,,IR1:15,IR2:15,US:45
TIME:3:42:00,,IR1:0,IR2:0,US:45
TIME:3:42:01,,IR1:0,IR2:0,US:51
TIME:3:42:02,,IR1:105,IR2:60,US:58
TIME:3:42:02,,IR1:45,IR2:60,US:56
TIME:3:42:03,,IR1:30,IR2:75,US:47
TIME:3:42:03,,IR1:45,IR2:90,US:38
TIME:3:42:04,,IR1:15,IR2:60,US:47
TIME:3:42:04,,IR1:75,IR2:75,US:94
TIME:3:42:05,,IR1:90,IR2:75,US:80
TIME:3:42:05,,IR1:75,IR2:75,US:23
TIME:3:42:06,,IR1:60,IR2:75,US:57
TIME:3:42:06,,IR1:45,IR2:75,US:53
TIME:3:42:07,,IR1:45,IR2:60,US:81
TIME:3:42:07,,IR1:60,IR2:60,US:72
TIME:3:42:08,,IR1:75,IR2:90,US:62
TIME:3:42:08,,IR1:75,IR2:60,US:49
TIME:3:42:09,,IR1:135,IR2:75,US:37
TIME:3:42:10,,IR1:60,IR2:60,US:25
TIME:3:42:10,,IR1:15,IR2:75,US:15
TIME:3:42:11,,IR1:15,IR2:75,US:74
TIME:3:42:11,,IR1:30,IR2:60,US:65
TIME:3:42:12,,IR1:60,IR2:75,US:57
TIME:3:42:12,,IR1:75,IR2:60,US:47
TIME:3:42:13,,IR1:60,IR2:60,US:36
TIME:3:42:13,,IR1:75,IR2:75,US:27
TIME:3:42:14,,IR1:60,IR2:60,US:18
TIME:3:42:14,,IR1:15,IR2:90,US:103
TIME:3:42:15,,IR1:45,IR2:60,US:98
TIME:3:42:16,,IR1:75,IR2:75,US:78
TIME:3:42:16,,IR1:75,IR2:75,US:62
TIME:3:42:17,,IR1:75,IR2:75,US:50
TIME:3:42:17,,IR1:45,IR2:60,US:39
TIME:3:42:18,,IR1:15,IR2:90,US:17
TIME:3:42:18,,IR1:60,IR2:60,US:100
TIME:3:42:19,,IR1:30,IR2:75,US:83
TIME:3:42:19,,IR1:75,IR2:60,US:80
TIME:3:42:20,,IR1:75,IR2:75,US:75
TIME:3:42:20,,IR1:120,IR2:75,US:77
TIME:3:42:21,,IR1:30,IR2:75,US:41
TIME:3:42:21,,IR1:0,IR2:60,US:58
TIME:3:42:22,,IR1:15,IR2:75,US:53
TIME:3:42:22,,IR1:75,IR2:75,US:82
TIME:3:42:23,,IR1:90,IR2:75,US:73
TIME:3:42:23,,IR1:75,IR2:75,US:37
TIME:3:42:24,,IR1:60,IR2:75,US:25
TIME:3:42:25,,IR1:90,IR2:75,US:47
TIME:3:42:25,,IR1:0,IR2:60,US:38
TIME:3:42:26,,IR1:45,IR2:60,US:33
TIME:3:42:26,,IR1:45,IR2:45,US:101
TIME:3:42:27,,IR1:60,IR2:75,US:91
TIME:3:42:28,,IR1:75,IR2:75,US:84
TIME:3:42:28,,IR1:60,IR2:60,US:91
TIME:3:42:28,,IR1:30,IR2:75,US:64
TIME:3:42:29,,IR1:75,IR2:60,US:54
TIME:3:42:29,,IR1:60,IR2:75,US:43
TIME:3:42:30,,IR1:60,IR2:75,US:37
TIME:3:42:30,,IR1:75,IR2:75,US:73
TIME:3:42:31,,IR1:60,IR2:75,US:29
TIME:3:42:31,,IR1:90,IR2:75,US:18
TIME:3:42:32,,IR1:75,IR2:75,US:59
TIME:3:42:33,,IR1:75,IR2:75,US:45
TIME:3:42:33,,IR1:15,IR2:75,US:32
TIME:3:42:34,,IR1:15,IR2:75,US:79
TIME:3:42:34,,IR1:120,IR2:60,US:71
TIME:3:42:35,,IR1:60,IR2:60,US:62
TIME:3:42:35,,IR1:30,IR2:75,US:50
TIME:3:42:36,,IR1:15,IR2:75,US:40
TIME:3:42:37,,IR1:30,IR2:75,US:74
TIME:3:42:37,,IR1:60,IR2:60,US:111
TIME:3:42:37,,IR1:75,IR2:90,US:95
TIME:3:42:38,,IR1:105,IR2:90,US:84
TIME:3:42:39,,IR1:75,IR2:75,US:71
TIME:3:42:39,,IR1:75,IR2:60,US:58
TIME:3:42:40,,IR1:60,IR2:75,US:45
TIME:3:42:40,,IR1:45,IR2:60,US:33
TIME:3:42:41,,IR1:45,IR2:75,US:23
TIME:3:42:41,,IR1:15,IR2:60,US:21
TIME:3:42:42,,IR1:60,IR2:75,US:64
TIME:3:42:42,,IR1:75,IR2:75,US:52
TIME:3:42:43,,IR1:30,IR2:90,US:40
TIME:3:42:44,,IR1:45,IR2:75,US:32
TIME:3:42:44,,IR1:90,IR2:75,US:115
TIME:3:42:44,,IR1:105,IR2:75,US:111
TIME:3:42:45,,IR1:60,IR2:75,US:144
TIME:3:42:46,,IR1:105,IR2:75,US:72
TIME:3:42:46,,IR1:75,IR2:90,US:73
TIME:3:42:47,,IR1:75,IR2:90,US:60
TIME:3:42:47,,IR1:75,IR2:75,US:47
TIME:3:42:48,,IR1:15,IR2:75,US:34
TIME:3:42:48,,IR1:15,IR2:60,US:26
TIME:3:42:49,,IR1:0,IR2:45,US:96
TIME:3:42:49,,IR1:60,IR2:60,US:73
TIME:3:42:50,,IR1:75,IR2:60,US:76
TIME:3:42:50,,IR1:105,IR2:75,US:63
TIME:3:42:51,,IR1:45,IR2:75,US:50
TIME:3:42:51,,IR1:90,IR2:75,US:38
TIME:3:42:52,,IR1:45,IR2:75,US:79
TIME:3:42:52,,IR1:60,IR2:75,US:46
TIME:3:42:53,,IR1:75,IR2:90,US:67
TIME:3:42:54,,IR1:105,IR2:60,US:85
TIME:3:42:54,,IR1:60,IR2:75,US:72
TIME:3:42:55,,IR1:60,IR2:75,US:58
TIME:3:42:55,,IR1:60,IR2:60,US:46
TIME:3:42:56,,IR1:90,IR2:90,US:33
TIME:3:42:57,,IR1:15,IR2:60,US:21
TIME:3:42:57,,IR1:60,IR2:75,US:100
TIME:3:42:57,,IR1:15,IR2:75,US:90
TIME:3:42:58,,IR1:90,IR2:60,US:82
TIME:3:42:58,,IR1:75,IR2:75,US:72
TIME:3:42:59,,IR1:75,IR2:60,US:61
TIME:3:42:59,,IR1:75,IR2:75,US:49
TIME:3:43:00,,IR1:60,IR2:75,US:38
TIME:3:43:01,,IR1:30,IR2:75,US:28
TIME:3:43:01,,IR1:15,IR2:60,US:91
TIME:3:43:02,,IR1:60,IR2:75,US:82
TIME:3:43:02,,IR1:60,IR2:60,US:72
TIME:3:43:03,,IR1:120,IR2:75,US:62
TIME:3:43:03,,IR1:60,IR2:75,US:40
TIME:3:43:04,,IR1:60,IR2:75,US:38
TIME:3:43:04,,IR1:60,IR2:60,US:28
TIME:3:43:05,,IR1:45,IR2:75,US:87
TIME:3:43:05,,IR1:30,IR2:60,US:78
TIME:3:43:06,,IR1:60,IR2:60,US:70
TIME:3:43:06,,IR1:75,IR2:75,US:61
TIME:3:43:07,,IR1:75,IR2:75,US:36
TIME:3:43:07,,IR1:60,IR2:75,US:31
TIME:3:43:08,,IR1:30,IR2:75,US:29
TIME:3:43:09,,IR1:60,IR2:75,US:97
TIME:3:43:09,,IR1:90,IR2:75,US:85
TIME:3:43:10,,IR1:60,IR2:75,US:71
TIME:3:43:10,,IR1:30,IR2:75,US:59
TIME:3:43:11,,IR1:75,IR2:75,US:52
TIME:3:43:11,,IR1:60,IR2:60,US:42
TIME:3:43:12,,IR1:90,IR2:75,US:31
TIME:3:43:12,,IR1:60,IR2:60,US:64
TIME:3:43:13,,IR1:75,IR2:60,US:94
TIME:3:43:14,,IR1:75,IR2:60,US:82
TIME:3:43:14,,IR1:60,IR2:90,US:70
TIME:3:43:14,,IR1:45,IR2:60,US:59
TIME:3:43:15,,IR1:15,IR2:75,US:57
TIME:3:43:16,,IR1:45,IR2:60,US:49
TIME:3:43:16,,IR1:90,IR2:75,US:41
TIME:3:43:17,,IR1:60,IR2:75,US:86
TIME:3:43:17,,IR1:105,IR2:75,US:74
TIME:3:43:18,,IR1:75,IR2:90,US:60
TIME:3:43:18,,IR1:75,IR2:75,US:23
TIME:3:43:19,,IR1:90,IR2:75,US:33
TIME:3:43:20,,IR1:15,IR2:60,US:22
TIME:3:43:20,,IR1:0,IR2:75,US:75
TIME:3:43:21,,IR1:30,IR2:60,US:65
TIME:3:43:21,,IR1:60,IR2:90,US:61
TIME:3:43:22,,IR1:75,IR2:60,US:51
TIME:3:43:22,,IR1:75,IR2:75,US:38
TIME:3:43:23,,IR1:45,IR2:75,US:27
TIME:3:43:23,,IR1:15,IR2:75,US:23
TIME:3:43:24,,IR1:75,IR2:75,US:102
TIME:3:43:24,,IR1:105,IR2:75,US:92
TIME:3:43:25,,IR1:105,IR2:75,US:80
TIME:3:43:25,,IR1:60,IR2:60,US:66
TIME:3:43:26,,IR1:60,IR2:75,US:53
TIME:3:43:27,,IR1:60,IR2:60,US:42
TIME:3:43:27,,IR1:75,IR2:105,US:29
TIME:3:43:27,,IR1:15,IR2:60,US:22
TIME:3:43:28,,IR1:45,IR2:60,US:82
TIME:3:43:29,,IR1:90,IR2:60,US:81
TIME:3:43:29,,IR1:90,IR2:90,US:70
TIME:3:43:30,,IR1:60,IR2:90,US:59
TIME:3:43:30,,IR1:75,IR2:60,US:53
TIME:3:43:31,,IR1:60,IR2:60,US:57
TIME:3:43:31,,IR1:45,IR2:75,US:45
TIME:3:43:32,,IR1:75,IR2:60,US:34
TIME:3:43:32,,IR1:60,IR2:90,US:24
TIME:3:43:33,,IR1:30,IR2:75,US:14
TIME:3:43:34,,IR1:30,IR2:75,US:72
TIME:3:43:34,,IR1:60,IR2:75,US:91
TIME:3:43:35,,IR1:75,IR2:75,US:75
TIME:3:43:35,,IR1:75,IR2:60,US:66
TIME:3:43:36,,IR1:90,IR2:75,US:55
TIME:3:43:36,,IR1:30,IR2:75,US:23
TIME:3:43:37,,IR1:15,IR2:75,US:35
TIME:3:43:37,,IR1:30,IR2:75,US:29
TIME:3:43:38,,IR1:90,IR2:75,US:35
TIME:3:43:38,,IR1:60,IR2:75,US:76
TIME:3:43:39,,IR1:105,IR2:75,US:65
TIME:3:43:39,,IR1:90,IR2:60,US:53
TIME:3:43:40,,IR1:90,IR2:75,US:40
TIME:3:43:40,,IR1:90,IR2:75,US:29
TIME:3:43:41,,IR1:15,IR2:60,US:19
TIME:3:43:41,,IR1:15,IR2:75,US:60
TIME:3:43:42,,IR1:60,IR2:60,US:112
TIME:3:43:42,,IR1:45,IR2:90,US:99
TIME:3:43:43,,IR1:30,IR2:75,US:62
TIME:3:43:44,,IR1:75,IR2:60,US:51
TIME:3:43:44,,IR1:45,IR2:75,US:38
TIME:3:43:45,,IR1:15,IR2:75,US:86
TIME:3:43:45,,IR1:90,IR2:60,US:54
TIME:3:43:46,,IR1:75,IR2:60,US:31
TIME:3:43:46,,IR1:180,IR2:75,US:73
TIME:3:43:47,,IR1:90,IR2:75,US:61
TIME:3:43:48,,IR1:60,IR2:75,US:50
TIME:3:43:48,,IR1:45,IR2:75,US:39
TIME:3:43:48,,IR1:30,IR2:75,US:29
TIME:3:43:49,,IR1:15,IR2:60,US:16
TIME:3:43:50,,IR1:30,IR2:60,US:56
TIME:3:43:50,,IR1:60,IR2:60,US:46
TIME:3:43:51,,IR1:60,IR2:75,US:33
TIME:3:43:51,,IR1:60,IR2:75,US:22
TIME:3:43:52,,IR1:15,IR2:75,US:71
TIME:3:43:52,,IR1:45,IR2:75,US:113
TIME:3:43:53,,IR1:75,IR2:75,US:103
TIME:3:43:53,,IR1:105,IR2:75,US:47
TIME:3:43:54,,IR1:60,IR2:75,US:35
TIME:3:43:55,,IR1:15,IR2:75,US:23
TIME:3:43:55,,IR1:780,IR2:75,US:14
TIME:3:43:55,,IR1:30,IR2:60,US:24
TIME:3:43:56,,IR1:120,IR2:75,US:89
TIME:3:43:57,,IR1:75,IR2:60,US:73
TIME:3:43:57,,IR1:75,IR2:75,US:65
TIME:3:43:57,,IR1:90,IR2:60,US:55
TIME:3:43:58,,IR1:75,IR2:75,US:53
TIME:3:43:59,,IR1:45,IR2:75,US:41
TIME:3:43:59,,IR1:15,IR2:60,US:32
TIME:3:44:00,,IR1:0,IR2:75,US:22
TIME:3:44:00,,IR1:0,IR2:60,US:18
TIME:3:44:01,,IR1:30,IR2:60,US:69
TIME:3:44:01,,IR1:105,IR2:60,US:79
TIME:3:44:02,,IR1:90,IR2:60,US:87
TIME:3:44:03,,IR1:75,IR2:60,US:72
TIME:3:44:03,,IR1:15,IR2:75,US:61
TIME:3:44:04,,IR1:75,IR2:75,US:55
TIME:3:44:04,,IR1:45,IR2:60,US:78
TIME:3:44:05,,IR1:75,IR2:75,US:57
TIME:3:44:05,,IR1:75,IR2:60,US:54
TIME:3:44:06,,IR1:60,IR2:75,US:44
TIME:3:44:06,,IR1:45,IR2:60,US:34
TIME:3:44:07,,IR1:15,IR2:75,US:23
TIME:3:44:07,,IR1:15,IR2:75,US:17
TIME:3:44:08,,IR1:30,IR2:60,US:28
TIME:3:44:09,,IR1:60,IR2:75,US:25
TIME:3:44:09,,IR1:30,IR2:60,US:25
TIME:3:44:09,,IR1:30,IR2:75,US:83
TIME:3:44:10,,IR1:75,IR2:60,US:75
TIME:3:44:11,,IR1:90,IR2:75,US:66
TIME:3:44:11,,IR1:75,IR2:75,US:58
TIME:3:44:12,,IR1:75,IR2:75,US:45
TIME:3:44:12,,IR1:45,IR2:90,US:38
TIME:3:44:13,,IR1:15,IR2:60,US:32
TIME:3:44:13,,IR1:15,IR2:60,US:21
TIME:3:44:14,,IR1:15,IR2:60,US:19
TIME:3:44:14,,IR1:45,IR2:60,US:109
TIME:3:44:15,,IR1:30,IR2:60,US:24
TIME:3:44:15,,IR1:45,IR2:45,US:89
TIME:3:44:16,,IR1:75,IR2:60,US:81
TIME:3:44:16,,IR1:45,IR2:60,US:69
TIME:3:44:17,,IR1:15,IR2:60,US:60
TIME:3:44:17,,IR1:15,IR2:75,US:51
TIME:3:44:18,,IR1:30,IR2:60,US:40
TIME:3:44:18,,IR1:75,IR2:75,US:86
TIME:3:44:19,,IR1:75,IR2:90,US:81
TIME:3:44:19,,IR1:90,IR2:75,US:72
TIME:3:44:20,,IR1:30,IR2:75,US:61
TIME:3:44:21,,IR1:45,IR2:90,US:50
TIME:3:44:21,,IR1:15,IR2:60,US:35
TIME:3:44:22,,IR1:30,IR2:75,US:30
TIME:3:44:22,,IR1:15,IR2:90,US:33
TIME:3:44:23,,IR1:15,IR2:60,US:83
TIME:3:44:23,,IR1:45,IR2:75,US:80
TIME:3:44:24,,IR1:45,IR2:75,US:86
TIME:3:44:24,,IR1:30,IR2:60,US:54
TIME:3:44:25,,IR1:60,IR2:90,US:45
TIME:3:44:25,,IR1:60,IR2:75,US:72
TIME:3:44:26,,IR1:30,IR2:75,US:60
TIME:3:44:26,,IR1:45,IR2:90,US:51
TIME:3:44:27,,IR1:15,IR2:60,US:55
TIME:3:44:28,,IR1:105,IR2:75,US:46
TIME:3:44:28,,IR1:90,IR2:75,US:64
TIME:3:44:29,,IR1:75,IR2:75,US:42
TIME:3:44:29,,IR1:30,IR2:90,US:41
TIME:3:44:30,,IR1:15,IR2:90,US:30
TIME:3:44:30,,IR1:30,IR2:60,US:21
TIME:3:44:31,,IR1:60,IR2:60,US:67
TIME:3:44:31,,IR1:90,IR2:60,US:62
TIME:3:44:32,,IR1:75,IR2:75,US:46
TIME:3:44:32,,IR1:90,IR2:75,US:67
TIME:3:44:33,,IR1:75,IR2:60,US:55
TIME:3:44:33,,IR1:45,IR2:75,US:43
TIME:3:44:34,,IR1:15,IR2:75,US:32
TIME:3:44:35,,IR1:15,IR2:75,US:27
TIME:3:44:35,,IR1:45,IR2:60,US:61
TIME:3:44:36,,IR1:60,IR2:75,US:51
TIME:3:44:36,,IR1:90,IR2:75,US:40
TIME:3:44:37,,IR1:60,IR2:75,US:25
TIME:3:44:37,,IR1:45,IR2:75,US:16
TIME:3:44:38,,IR1:45,IR2:75,US:99
TIME:3:44:38,,IR1:75,IR2:75,US:91
TIME:3:44:39,,IR1:90,IR2:60,US:80
TIME:3:44:40,,IR1:90,IR2:75,US:65
TIME:3:44:40,,IR1:105,IR2:75,US:51
TIME:3:44:40,,IR1:105,IR2:75,US:37
TIME:3:44:41,,IR1:30,IR2:90,US:25
TIME:3:44:42,,IR1:0,IR2:90,US:15
TIME:3:44:42,,IR1:45,IR2:60,US:83
TIME:3:44:43,,IR1:15,IR2:75,US:30
TIME:3:44:43,,IR1:75,IR2:60,US:62
TIME:3:44:44,,IR1:60,IR2:60,US:69
TIME:3:44:44,,IR1:75,IR2:75,US:65
TIME:3:44:45,,IR1:75,IR2:75,US:39
TIME:3:44:45,,IR1:30,IR2:60,US:27
TIME:3:44:46,,IR1:75,IR2:60,US:19
TIME:3:44:46,,IR1:15,IR2:60,US:76
TIME:3:44:47,,IR1:45,IR2:60,US:73
TIME:3:44:47,,IR1:60,IR2:90,US:57
TIME:3:44:48,,IR1:75,IR2:75,US:44
TIME:3:44:49,,IR1:60,IR2:75,US:31
TIME:3:44:49,,IR1:30,IR2:90,US:20
TIME:3:44:50,,IR1:15,IR2:60,US:46
TIME:3:44:50,,IR1:45,IR2:75,US:79
TIME:3:44:51,,IR1:60,IR2:60,US:67
TIME:3:44:51,,IR1:75,IR2:75,US:54
TIME:3:44:52,,IR1:75,IR2:75,US:42
TIME:3:44:52,,IR1:60,IR2:60,US:29
TIME:3:44:53,,IR1:90,IR2:75,US:21
TIME:3:44:53,,IR1:15,IR2:60,US:77
TIME:3:44:54,,IR1:45,IR2:60,US:59
TIME:3:44:54,,IR1:75,IR2:60,US:31
TIME:3:44:55,,IR1:75,IR2:75,US:20
TIME:3:44:55,,IR1:45,IR2:60,US:24
TIME:3:44:56,,IR1:30,IR2:75,US:14
TIME:3:44:57,,IR1:15,IR2:60,US:104
TIME:3:44:57,,IR1:30,IR2:75,US:43
TIME:3:44:58,,IR1:60,IR2:75,US:93
TIME:3:44:58,,IR1:75,IR2:75,US:84
TIME:3:44:59,,IR1:75,IR2:75,US:73
TIME:3:44:59,,IR1:60,IR2:75,US:61
TIME:3:45:00,,IR1:75,IR2:75,US:50
TIME:3:45:00,,IR1:90,IR2:60,US:38
TIME:3:45:01,,IR1:45,IR2:75,US:29
TIME:3:45:01,,IR1:15,IR2:60,US:20
TIME:3:45:02,,IR1:15,IR2:75,US:86
TIME:3:45:03,,IR1:75,IR2:75,US:81
TIME:3:45:03,,IR1:45,IR2:60,US:39
TIME:3:45:04,,IR1:60,IR2:75,US:39
TIME:3:45:04,,IR1:75,IR2:75,US:20
TIME:3:45:05,,IR1:60,IR2:60,US:68
TIME:3:45:05,,IR1:75,IR2:75,US:95
TIME:3:45:06,,IR1:75,IR2:60,US:27
TIME:3:45:06,,IR1:75,IR2:60,US:69
TIME:3:45:07,,IR1:60,IR2:75,US:58
TIME:3:45:08,,IR1:60,IR2:60,US:47
TIME:3:45:08,,IR1:75,IR2:90,US:37
TIME:3:45:08,,IR1:45,IR2:60,US:29
TIME:3:45:09,,IR1:45,IR2:90,US:42
TIME:3:45:10,,IR1:45,IR2:75,US:32
TIME:3:45:10,,IR1:45,IR2:60,US:27
TIME:3:45:10,,IR1:45,IR2:60,US:55
TIME:3:45:11,,IR1:75,IR2:75,US:107
TIME:3:45:12,,IR1:75,IR2:60,US:95
TIME:3:45:12,,IR1:90,IR2:90,US:81
TIME:3:45:13,,IR1:90,IR2:75,US:68
TIME:3:45:13,,IR1:60,IR2:60,US:126
TIME:3:45:14,,IR1:60,IR2:75,US:42
TIME:3:45:14,,IR1:60,IR2:60,US:30
TIME:3:45:15,,IR1:60,IR2:75,US:19
TIME:3:45:16,,IR1:45,IR2:75,US:20
TIME:3:45:16,,IR1:30,IR2:75,US:74
TIME:3:45:17,,IR1:60,IR2:75,US:68
TIME:3:45:17,,IR1:60,IR2:90,US:56
TIME:3:45:18,,IR1:75,IR2:75,US:46
TIME:3:45:18,,IR1:45,IR2:75,US:80
TIME:3:45:19,,IR1:90,IR2:75,US:67
TIME:3:45:19,,IR1:75,IR2:75,US:56
TIME:3:45:20,,IR1:75,IR2:75,US:26
TIME:3:45:20,,IR1:60,IR2:75,US:41
TIME:3:45:21,,IR1:60,IR2:75,US:21
TIME:3:45:21,,IR1:45,IR2:75,US:47
TIME:3:45:22,,IR1:60,IR2:75,US:84
TIME:3:45:23,,IR1:60,IR2:60,US:73
TIME:3:45:23,,IR1:75,IR2:75,US:61
TIME:3:45:24,,IR1:105,IR2:60,US:50
TIME:3:45:24,,IR1:75,IR2:90,US:40
TIME:3:45:25,,IR1:75,IR2:75,US:29
TIME:3:45:25,,IR1:45,IR2:60,US:18
TIME:3:45:26,,IR1:15,IR2:75,US:12
TIME:3:45:26,,IR1:60,IR2:45,US:52
TIME:3:45:27,,IR1:60,IR2:60,US:33
TIME:3:45:27,,IR1:60,IR2:60,US:32
TIME:3:45:28,,IR1:60,IR2:75,US:49
TIME:3:45:29,,IR1:75,IR2:75,US:43
TIME:3:45:29,,IR1:75,IR2:60,US:29
TIME:3:45:29,,IR1:60,IR2:75,US:21
TIME:3:45:30,,IR1:15,IR2:90,US:101
TIME:3:45:30,,IR1:60,IR2:60,US:85
TIME:3:45:31,,IR1:60,IR2:90,US:72
TIME:3:45:32,,IR1:75,IR2:75,US:56
TIME:3:45:32,,IR1:45,IR2:60,US:55
TIME:3:45:33,,IR1:60,IR2:90,US:47
TIME:3:45:33,,IR1:15,IR2:75,US:18
TIME:3:45:34,,IR1:45,IR2:60,US:10
TIME:3:45:34,,IR1:30,IR2:60,US:97
TIME:3:45:35,,IR1:45,IR2:75,US:86
TIME:3:45:35,,IR1:90,IR2:60,US:77
TIME:3:45:36,,IR1:75,IR2:90,US:64
TIME:3:45:36,,IR1:75,IR2:60,US:50
TIME:3:45:37,,IR1:60,IR2:90,US:21
TIME:3:45:38,,IR1:30,IR2:105,US:24
TIME:3:45:38,,IR1:30,IR2:60,US:16
TIME:3:45:38,,IR1:15,IR2:60,US:95
TIME:3:45:39,,IR1:30,IR2:75,US:86
TIME:3:45:39,,IR1:60,IR2:75,US:34
TIME:3:45:40,,IR1:15,IR2:75,US:21
TIME:3:45:40,,IR1:30,IR2:75,US:115
TIME:3:45:41,,IR1:75,IR2:75,US:45
TIME:3:45:42,,IR1:75,IR2:75,US:32
TIME:3:45:42,,IR1:90,IR2:75,US:91
TIME:3:45:43,,IR1:90,IR2:90,US:64
TIME:3:45:43,,IR1:90,IR2:75,US:50
TIME:3:45:44,,IR1:45,IR2:75,US:39
TIME:3:45:44,,IR1:30,IR2:75,US:25
TIME:3:45:45,,IR1:15,IR2:75,US:22
TIME:3:45:45,,IR1:30,IR2:75,US:54
TIME:3:45:46,,IR1:60,IR2:60,US:51
TIME:3:45:47,,IR1:105,IR2:90,US:35
TIME:3:45:47,,IR1:75,IR2:90,US:19
TIME:3:45:47,,IR1:75,IR2:60,US:110
TIME:3:45:48,,IR1:30,IR2:75,US:100
TIME:3:45:49,,IR1:90,IR2:60,US:93
TIME:3:45:49,,IR1:75,IR2:75,US:79
TIME:3:45:50,,IR1:105,IR2:75,US:66
TIME:3:45:50,,IR1:75,IR2:75,US:45
TIME:3:45:51,,IR1:60,IR2:75,US:38
TIME:3:45:51,,IR1:75,IR2:75,US:11
TIME:3:45:52,,IR1:30,IR2:60,US:19
TIME:3:45:53,,IR1:45,IR2:75,US:86
TIME:3:45:53,,IR1:75,IR2:60,US:41
TIME:3:45:54,,IR1:60,IR2:60,US:26
TIME:3:45:54,,IR1:30,IR2:90,US:15
TIME:3:45:55,,IR1:15,IR2:60,US:89
TIME:3:45:55,,IR1:60,IR2:60,US:48
TIME:3:45:56,,IR1:15,IR2:60,US:101
TIME:3:45:56,,IR1:60,IR2:75,US:76
TIME:3:45:57,,IR1:75,IR2:75,US:64
TIME:3:45:57,,IR1:75,IR2:60,US:48
TIME:3:45:58,,IR1:60,IR2:90,US:47
TIME:3:45:59,,IR1:45,IR2:75,US:24
TIME:3:45:59,,IR1:0,IR2:60,US:45
TIME:3:45:59,,IR1:0,IR2:60,US:41
TIME:3:46:00,,IR1:60,IR2:45,US:77
TIME:3:46:01,,IR1:75,IR2:90,US:67
TIME:3:46:01,,IR1:75,IR2:60,US:54
TIME:3:46:02,,IR1:105,IR2:75,US:45
TIME:3:46:02,,IR1:60,IR2:75,US:28
TIME:3:46:03,,IR1:15,IR2:75,US:16
TIME:3:46:03,,IR1:165,IR2:75,US:10
TIME:3:46:04,,IR1:15,IR2:60,US:61
TIME:3:46:04,,IR1:90,IR2:60,US:52
TIME:3:46:05,,IR1:150,IR2:90,US:40
TIME:3:46:05,,IR1:60,IR2:60,US:26
TIME:3:46:06,,IR1:90,IR2:75,US:14
TIME:3:46:07,,IR1:0,IR2:60,US:11
TIME:3:46:07,,IR1:75,IR2:30,US:86
TIME:3:46:07,,IR1:0,IR2:60,US:82
TIME:3:46:08,,IR1:15,IR2:60,US:127
TIME:3:46:09,,IR1:75,IR2:75,US:93
TIME:3:46:09,,IR1:75,IR2:60,US:82
TIME:3:46:10,,IR1:90,IR2:75,US:73
TIME:3:46:10,,IR1:75,IR2:60,US:83
TIME:3:46:11,,IR1:75,IR2:90,US:70
TIME:3:46:11,,IR1:75,IR2:75,US:57
TIME:3:46:12,,IR1:75,IR2:75,US:45
TIME:3:46:12,,IR1:60,IR2:90,US:33
TIME:3:46:13,,IR1:60,IR2:75,US:23
TIME:3:46:13,,IR1:0,IR2:60,US:29
TIME:3:46:14,,IR1:0,IR2:60,US:20
TIME:3:46:15,,IR1:0,IR2:60,US:49
TIME:3:46:15,,IR1:15,IR2:45,US:114
TIME:3:46:16,,IR1:60,IR2:60,US:122
TIME:3:46:16,,IR1:90,IR2:60,US:104
TIME:3:46:17,,IR1:75,IR2:75,US:90
TIME:3:46:17,,IR1:75,IR2:75,US:76
TIME:3:46:18,,IR1:75,IR2:60,US:63
TIME:3:46:18,,IR1:60,IR2:60,US:52
TIME:3:46:19,,IR1:75,IR2:75,US:39
TIME:3:46:19,,IR1:30,IR2:60,US:28
TIME:3:46:20,,IR1:75,IR2:75,US:43
TIME:3:46:20,,IR1:15,IR2:60,US:35
TIME:3:46:21,,IR1:30,IR2:75,US:60
TIME:3:46:22,,IR1:75,IR2:60,US:50
TIME:3:46:22,,IR1:75,IR2:75,US:39
TIME:3:46:22,,IR1:45,IR2:60,US:27
TIME:3:46:23,,IR1:15,IR2:75,US:16
TIME:3:46:24,,IR1:15,IR2:75,US:100
TIME:3:46:24,,IR1:90,IR2:60,US:75
TIME:3:46:25,,IR1:90,IR2:60,US:41
TIME:3:46:25,,IR1:75,IR2:90,US:29
TIME:3:46:26,,IR1:90,IR2:60,US:70
TIME:3:46:26,,IR1:90,IR2:75,US:56
TIME:3:46:27,,IR1:45,IR2:90,US:42
TIME:3:46:27,,IR1:0,IR2:60,US:32
TIME:3:46:28,,IR1:0,IR2:60,US:119
TIME:3:46:28,,IR1:45,IR2:45,US:108
TIME:3:46:29,,IR1:75,IR2:60,US:98
TIME:3:46:29,,IR1:60,IR2:60,US:85
TIME:3:46:30,,IR1:60,IR2:60,US:74
TIME:3:46:30,,IR1:60,IR2:75,US:62
TIME:3:46:31,,IR1:60,IR2:60,US:50
TIME:3:46:32,,IR1:60,IR2:75,US:37
TIME:3:46:32,,IR1:30,IR2:75,US:25
TIME:3:46:33,,IR1:15,IR2:60,US:18
TIME:3:46:33,,IR1:15,IR2:60,US:77
TIME:3:46:34,,IR1:45,IR2:60,US:66
TIME:3:46:34,,IR1:75,IR2:75,US:58
TIME:3:46:35,,IR1:75,IR2:75,US:42
TIME:3:46:36,,IR1:45,IR2:75,US:42
TIME:3:46:36,,IR1:60,IR2:75,US:85
TIME:3:46:36,,IR1:60,IR2:75,US:78
TIME:3:46:37,,IR1:30,IR2:75,US:57
TIME:3:46:38,,IR1:15,IR2:75,US:58
TIME:3:46:38,,IR1:45,IR2:60,US:71
TIME:3:46:39,,IR1:60,IR2:75,US:72
TIME:3:46:39,,IR1:60,IR2:60,US:62
TIME:3:46:40,,IR1:75,IR2:75,US:53
TIME:3:46:40,,IR1:75,IR2:60,US:41
TIME:3:46:41,,IR1:15,IR2:75,US:30
TIME:3:46:41,,IR1:15,IR2:60,US:22
TIME:3:46:42,,IR1:0,IR2:60,US:19
TIME:3:46:42,,IR1:0,IR2:60,US:99
TIME:3:46:43,,IR1:45,IR2:75,US:95
TIME:3:46:43,,IR1:60,IR2:60,US:88
TIME:3:46:44,,IR1:60,IR2:75,US:80
TIME:3:46:44,,IR1:75,IR2:60,US:89
TIME:3:46:45,,IR1:75,IR2:75,US:87
TIME:3:46:45,,IR1:75,IR2:75,US:50
TIME:3:46:46,,IR1:45,IR2:105,US:40
TIME:3:46:47,,IR1:15,IR2:60,US:36
TIME:3:46:47,,IR1:15,IR2:75,US:26
TIME:3:46:47,,IR1:120,IR2:60,US:20
TIME:3:46:48,,IR1:45,IR2:75,US:78
TIME:3:46:49,,IR1:60,IR2:75,US:50
TIME:3:46:49,,IR1:60,IR2:105,US:62
TIME:3:46:50,,IR1:15,IR2:60,US:18
TIME:3:46:50,,IR1:30,IR2:75,US:91
TIME:3:46:51,,IR1:60,IR2:60,US:83
TIME:3:46:51,,IR1:60,IR2:75,US:29
TIME:3:46:52,,IR1:75,IR2:75,US:58
TIME:3:46:53,,IR1:60,IR2:60,US:46
TIME:3:46:53,,IR1:60,IR2:75,US:35
TIME:3:46:54,,IR1:30,IR2:75,US:25
TIME:3:46:54,,IR1:30,IR2:75,US:51
TIME:3:46:55,,IR1:15,IR2:75,US:39
TIME:3:46:55,,IR1:0,IR2:60,US:31
TIME:3:46:56,,IR1:15,IR2:75,US:89
TIME:3:46:57,,IR1:60,IR2:60,US:82
TIME:3:46:57,,IR1:90,IR2:75,US:71
TIME:3:46:57,,IR1:90,IR2:75,US:57
TIME:3:46:58,,IR1:90,IR2:60,US:43
TIME:3:46:58,,IR1:60,IR2:75,US:29
TIME:3:46:59,,IR1:45,IR2:75,US:14
TIME:3:47:00,,IR1:15,IR2:60,US:80
TIME:3:47:00,,IR1:45,IR2:75,US:43
TIME:3:47:00,,IR1:60,IR2:60,US:34
TIME:3:47:01,,IR1:60,IR2:90,US:24
TIME:3:47:02,,IR1:45,IR2:105,US:78
TIME:3:47:02,,IR1:30,IR2:45,US:85
TIME:3:47:03,,IR1:75,IR2:60,US:23
TIME:3:47:03,,IR1:75,IR2:60,US:67
TIME:3:47:04,,IR1:90,IR2:60,US:57
TIME:3:47:04,,IR1:90,IR2:90,US:48
TIME:3:47:05,,IR1:45,IR2:75,US:39
TIME:3:47:05,,IR1:60,IR2:75,US:25
TIME:3:47:06,,IR1:0,IR2:60,US:18
TIME:3:47:06,,IR1:0,IR2:60,US:103
TIME:3:47:07,,IR1:15,IR2:60,US:94
TIME:3:47:07,,IR1:75,IR2:75,US:88
TIME:3:47:08,,IR1:75,IR2:75,US:76
TIME:3:47:08,,IR1:60,IR2:60,US:65
TIME:3:47:09,,IR1:60,IR2:60,US:53
TIME:3:47:10,,IR1:105,IR2:75,US:41
TIME:3:47:10,,IR1:30,IR2:60,US:28
TIME:3:47:11,,IR1:90,IR2:75,US:68
TIME:3:47:11,,IR1:45,IR2:60,US:55
TIME:3:47:13,,IR1:75,IR2:75,US:45
TIME:3:47:13,,IR1:60,IR2:75,US:33
TIME:3:47:13,,IR1:30,IR2:75,US:21
TIME:3:47:14,,IR1:15,IR2:60,US:17
TIME:3:47:14,,IR1:15,IR2:105,US:69
TIME:3:47:15,,IR1:60,IR2:60,US:48
TIME:3:47:15,,IR1:75,IR2:75,US:38
TIME:3:47:16,,IR1:75,IR2:60,US:85
TIME:3:47:16,,IR1:75,IR2:90,US:71
TIME:3:47:17,,IR1:75,IR2:75,US:59
TIME:3:47:17,,IR1:75,IR2:75,US:48
TIME:3:47:18,,IR1:75,IR2:150,US:39
TIME:3:47:18,,IR1:30,IR2:90,US:26
TIME:3:47:19,,IR1:30,IR2:60,US:49
TIME:3:47:19,,IR1:30,IR2:60,US:40
TIME:3:47:20,,IR1:60,IR2:60,US:32
TIME:3:47:20,,IR1:60,IR2:60,US:26
TIME:3:47:21,,IR1:30,IR2:75,US:167
TIME:3:47:21,,IR1:0,IR2:60,US:101
TIME:3:47:22,,IR1:30,IR2:60,US:95
TIME:3:47:23,,IR1:60,IR2:60,US:91
TIME:3:47:23,,IR1:60,IR2:75,US:88
TIME:3:47:24,,IR1:60,IR2:60,US:96
TIME:3:47:24,,IR1:75,IR2:75,US:97
TIME:3:47:25,,IR1:75,IR2:75,US:32
TIME:3:47:25,,IR1:60,IR2:75,US:69
TIME:3:47:26,,IR1:30,IR2:75,US:79
TIME:3:47:26,,IR1:45,IR2:60,US:24
TIME:3:47:27,,IR1:60,IR2:75,US:22
TIME:3:47:27,,IR1:60,IR2:75,US:50
TIME:3:47:28,,IR1:90,IR2:75,US:64
TIME:3:47:28,,IR1:75,IR2:60,US:80
TIME:3:47:29,,IR1:60,IR2:75,US:70
TIME:3:47:30,,IR1:30,IR2:60,US:59
TIME:3:47:30,,IR1:60,IR2:75,US:48
TIME:3:47:31,,IR1:60,IR2:75,US:37
TIME:3:47:31,,IR1:30,IR2:75,US:23
TIME:3:47:31,,IR1:0,IR2:75,US:77
TIME:3:47:32,,IR1:45,IR2:60,US:122
TIME:3:47:33,,IR1:60,IR2:75,US:102
TIME:3:47:33,,IR1:105,IR2:60,US:37
TIME:3:47:34,,IR1:75,IR2:90,US:77
TIME:3:47:34,,IR1:60,IR2:75,US:64
TIME:3:47:35,,IR1:60,IR2:75,US:53
TIME:3:47:35,,IR1:60,IR2:75,US:38
TIME:3:47:36,,IR1:0,IR2:60,US:34
TIME:3:47:36,,IR1:15,IR2:60,US:112
TIME:3:47:37,,IR1:75,IR2:60,US:26
TIME:3:47:38,,IR1:60,IR2:75,US:35
TIME:3:47:38,,IR1:90,IR2:60,US:24
TIME:3:47:39,,IR1:90,IR2:60,US:45
TIME:3:47:39,,IR1:60,IR2:75,US:36
TIME:3:47:40,,IR1:75,IR2:60,US:95
TIME:3:47:40,,IR1:60,IR2:60,US:64
TIME:3:47:40,,IR1:60,IR2:90,US:51
TIME:3:47:41,,IR1:60,IR2:60,US:37
TIME:3:47:42,,IR1:45,IR2:75,US:26
TIME:3:47:43,,IR1:15,IR2:60,US:19
TIME:3:47:43,,IR1:30,IR2:75,US:46
TIME:3:47:43,,IR1:45,IR2:60,US:35
TIME:3:47:44,,IR1:75,IR2:90,US:26
TIME:3:47:45,,IR1:30,IR2:75,US:14
TIME:3:47:45,,IR1:15,IR2:60,US:117
TIME:3:47:46,,IR1:45,IR2:60,US:108
TIME:3:47:46,,IR1:90,IR2:60,US:100
TIME:3:47:47,,IR1:75,IR2:75,US:32
TIME:3:47:47,,IR1:75,IR2:75,US:20
TIME:3:47:48,,IR1:90,IR2:90,US:209
TIME:3:47:48,,IR1:45,IR2:90,US:42
TIME:3:47:49,,IR1:15,IR2:60,US:32
TIME:3:47:50,,IR1:0,IR2:75,US:95
TIME:3:47:50,,IR1:0,IR2:75,US:88
TIME:3:47:50,,IR1:30,IR2:60,US:73
TIME:3:47:51,,IR1:60,IR2:105,US:14
TIME:3:47:51,,IR1:90,IR2:60,US:89
TIME:3:47:52,,IR1:75,IR2:75,US:76
TIME:3:47:52,,IR1:60,IR2:90,US:61
TIME:3:47:53,,IR1:105,IR2:75,US:47
TIME:3:47:54,,IR1:105,IR2:60,US:35
TIME:3:47:54,,IR1:75,IR2:75,US:23
TIME:3:47:55,,IR1:45,IR2:90,US:10
TIME:3:47:55,,IR1:15,IR2:30,US:46
TIME:3:47:56,,IR1:0,IR2:30,US:46
TIME:3:47:56,,IR1:0,IR2:15,US:40
TIME:3:47:57,,IR1:0,IR2:45,US:38
TIME:3:47:57,,IR1:0,IR2:0,US:37
TIME:3:47:58,,IR1:60,IR2:60,US:37
TIME:3:47:59,,IR1:60,IR2:60,US:27
TIME:3:47:59,,IR1:60,IR2:30,US:25
TIME:3:48:00,,IR1:15,IR2:30,US:24
TIME:3:48:00,,IR1:45,IR2:45,US:20
TIME:3:48:01,,IR1:15,IR2:15,US:18
TIME:3:48:01,,IR1:0,IR2:0,US:16
TIME:3:48:01,,IR1:0,IR2:0,US:16
TIME:3:48:02,,IR1:0,IR2:0,US:16
TIME:3:48:03,,IR1:0,IR2:0,US:16
TIME:3:48:03,,IR1:0,IR2:0,US:16
TIME:3:48:03,,IR1:0,IR2:0,US:16
TIME:3:48:04,,IR1:0,IR2:0,US:16
TIME:3:48:05,,IR1:0,IR2:0,US:16
TIME:3:48:05,,IR1:0,IR2:0,US:17
TIME:3:48:06,,IR1:0,IR2:0,US:10
TIME:3:48:06,,IR1:60,IR2:30,US:16
TIME:3:48:07,,IR1:75,IR2:120,US:9
TIME:3:48:08,,IR1:75,IR2:45,US:1
TIME:3:48:08,,IR1:0,IR2:15,US:11
TIME:3:48:09,,IR1:45,IR2:30,US:13
TIME:3:48:09,,IR1:120,IR2:0,US:12
TIME:3:48:10,,IR1:0,IR2:0,US:23
TIME:3:48:10,,IR1:0,IR2:0,US:25
TIME:3:48:11,,IR1:0,IR2:0,US:25
TIME:3:48:11,,IR1:0,IR2:0,US:25
TIME:3:48:12,,IR1:0,IR2:0,US:25
TIME:3:48:12,,IR1:0,IR2:0,US:26
TIME:3:48:13,,IR1:0,IR2:0,US:26
TIME:3:48:14,,IR1:0,IR2:0,US:73
TIME:3:48:14,,IR1:0,IR2:0,US:120
TIME:3:48:15,,IR1:0,IR2:0,US:71
TIME:3:48:15,,IR1:30,IR2:30,US:73
TIME:3:48:16,,IR1:90,IR2:75,US:69
TIME:3:48:16,,IR1:75,IR2:75,US:103
TIME:3:48:17,,IR1:75,IR2:75,US:89
TIME:3:48:17,,IR1:75,IR2:90,US:73
TIME:3:48:18,,IR1:60,IR2:90,US:58
TIME:3:48:19,,IR1:60,IR2:90,US:47
TIME:3:48:19,,IR1:45,IR2:90,US:109
TIME:3:48:19,,IR1:60,IR2:90,US:102
TIME:3:48:20,,IR1:60,IR2:90,US:56
TIME:3:48:20,,IR1:45,IR2:75,US:79
TIME:3:48:21,,IR1:45,IR2:75,US:70
TIME:3:48:22,,IR1:60,IR2:75,US:101
TIME:3:48:22,,IR1:75,IR2:75,US:78
TIME:3:48:23,,IR1:75,IR2:90,US:65
TIME:3:48:23,,IR1:75,IR2:90,US:49
TIME:3:48:23,,IR1:75,IR2:90,US:33
TIME:3:48:25,,IR1:30,IR2:90,US:18
TIME:3:48:25,,IR1:45,IR2:90,US:31
TIME:3:48:25,,IR1:60,IR2:90,US:95
TIME:3:48:26,,IR1:75,IR2:90,US:82
TIME:3:48:26,,IR1:75,IR2:75,US:68
TIME:3:48:27,,IR1:75,IR2:75,US:56
TIME:3:48:27,,IR1:75,IR2:75,US:43
TIME:3:48:28,,IR1:75,IR2:90,US:89
TIME:3:48:28,,IR1:60,IR2:90,US:79
TIME:3:48:29,,IR1:30,IR2:90,US:73
TIME:3:48:30,,IR1:60,IR2:90,US:63
TIME:3:48:30,,IR1:60,IR2:90,US:52
TIME:3:48:31,,IR1:75,IR2:75,US:41
TIME:3:48:31,,IR1:60,IR2:75,US:33
TIME:3:48:31,,IR1:75,IR2:75,US:89
TIME:3:48:32,,IR1:45,IR2:75,US:48
TIME:3:48:33,,IR1:60,IR2:90,US:70
TIME:3:48:33,,IR1:75,IR2:75,US:60
TIME:3:48:34,,IR1:75,IR2:75,US:51
TIME:3:48:35,,IR1:75,IR2:75,US:38
TIME:3:48:35,,IR1:60,IR2:90,US:27
TIME:3:48:36,,IR1:30,IR2:90,US:69
TIME:3:48:36,,IR1:45,IR2:90,US:58
TIME:3:48:36,,IR1:60,IR2:75,US:47
TIME:3:48:37,,IR1:45,IR2:90,US:36
TIME:3:48:38,,IR1:60,IR2:75,US:90
TIME:3:48:38,,IR1:60,IR2:75,US:105
TIME:3:48:39,,IR1:75,IR2:90,US:93
TIME:3:48:39,,IR1:75,IR2:90,US:79
TIME:3:48:40,,IR1:75,IR2:120,US:65
TIME:3:48:40,,IR1:30,IR2:90,US:52
TIME:3:48:41,,IR1:15,IR2:90,US:41
TIME:3:48:41,,IR1:30,IR2:60,US:128
TIME:3:48:42,,IR1:60,IR2:75,US:35
TIME:3:48:42,,IR1:15,IR2:90,US:24
TIME:3:48:43,,IR1:1380,IR2:75,US:93
TIME:3:48:43,,IR1:45,IR2:75,US:82
TIME:3:48:44,,IR1:75,IR2:75,US:82
TIME:3:48:45,,IR1:90,IR2:75,US:69
TIME:3:48:46,,IR1:30,IR2:60,US:52
TIME:3:48:46,,IR1:15,IR2:75,US:23
TIME:3:48:46,,IR1:15,IR2:90,US:28
TIME:3:48:46,,IR1:60,IR2:75,US:22
TIME:3:48:47,,IR1:75,IR2:75,US:32
TIME:3:48:48,,IR1:75,IR2:90,US:65
TIME:3:48:49,,IR1:30,IR2:90,US:48
TIME:3:48:49,,IR1:60,IR2:90,US:145
TIME:3:48:49,,IR1:60,IR2:60,US:125
TIME:3:48:50,,IR1:75,IR2:75,US:112
TIME:3:48:50,,IR1:60,IR2:90,US:97
TIME:3:48:51,,IR1:60,IR2:75,US:67
TIME:3:48:52,,IR1:30,IR2:75,US:139
TIME:3:48:52,,IR1:90,IR2:75,US:108
TIME:3:48:52,,IR1:90,IR2:75,US:95
TIME:3:48:53,,IR1:90,IR2:90,US:124
TIME:3:48:54,,IR1:60,IR2:90,US:110
TIME:3:48:54,,IR1:75,IR2:60,US:91
TIME:3:48:55,,IR1:75,IR2:75,US:80
TIME:3:48:55,,IR1:75,IR2:90,US:121
TIME:3:48:56,,IR1:75,IR2:60,US:129
TIME:3:48:56,,IR1:90,IR2:75,US:186
TIME:3:48:57,,IR1:75,IR2:90,US:53
TIME:3:48:57,,IR1:75,IR2:60,US:157
TIME:3:48:58,,IR1:90,IR2:45,US:25
TIME:3:48:59,,IR1:75,IR2:75,US:400
TIME:3:48:59,,IR1:60,IR2:75,US:400
TIME:3:49:00,,IR1:90,IR2:75,US:400
TIME:3:49:00,,IR1:90,IR2:90,US:400
TIME:3:49:01,,IR1:105,IR2:105,US:400
TIME:3:49:02,,IR1:120,IR2:150,US:400
TIME:3:49:02,,IR1:120,IR2:105,US:400
TIME:3:49:03,,IR1:105,IR2:105,US:400
TIME:3:49:04,,IR1:120,IR2:90,US:400
TIME:3:49:04,,IR1:120,IR2:105,US:400
TIME:3:49:05,,IR1:105,IR2:105,US:400
TIME:3:49:05,,IR1:105,IR2:105,US:400
TIME:3:49:06,,IR1:90,IR2:90,US:400
TIME:3:49:06,,IR1:105,IR2:105,US:360
TIME:3:49:07,,IR1:105,IR2:90,US:156
TIME:3:49:08,,IR1:105,IR2:105,US:124
TIME:3:49:08,,IR1:90,IR2:90,US:106
TIME:3:49:09,,IR1:105,IR2:90,US:92
TIME:3:49:09,,IR1:90,IR2:105,US:84
TIME:3:49:10,,IR1:30,IR2:90,US:65
TIME:3:49:10,,IR1:15,IR2:105,US:180
TIME:3:49:11,,IR1:60,IR2:90,US:252
TIME:3:49:12,,IR1:90,IR2:105,US:70
TIME:3:49:12,,IR1:45,IR2:90,US:36
TIME:3:49:12,,IR1:15,IR2:135,US:31
TIME:3:49:13,,IR1:45,IR2:90,US:73
TIME:3:49:14,,IR1:90,IR2:90,US:47
TIME:3:49:14,,IR1:90,IR2:105,US:273
TIME:3:49:14,,IR1:105,IR2:105,US:142
TIME:3:49:15,,IR1:105,IR2:90,US:107
TIME:3:49:16,,IR1:105,IR2:105,US:92
TIME:3:49:16,,IR1:90,IR2:120,US:65
TIME:3:49:17,,IR1:45,IR2:105,US:47
TIME:3:49:17,,IR1:45,IR2:90,US:187
TIME:3:49:18,,IR1:0,IR2:90,US:214
TIME:3:49:19,,IR1:45,IR2:75,US:60
TIME:3:49:19,,IR1:105,IR2:90,US:142
TIME:3:49:20,,IR1:105,IR2:105,US:94
TIME:3:49:21,,IR1:105,IR2:90,US:122
TIME:3:49:21,,IR1:105,IR2:105,US:104
TIME:3:49:22,,IR1:105,IR2:90,US:98
TIME:3:49:22,,IR1:105,IR2:105,US:84
TIME:3:49:23,,IR1:105,IR2:90,US:54
TIME:3:49:23,,IR1:30,IR2:105,US:38
TIME:3:49:23,,IR1:0,IR2:105,US:105
TIME:3:49:24,,IR1:75,IR2:90,US:314
TIME:3:49:24,,IR1:105,IR2:90,US:297
TIME:3:49:25,,IR1:135,IR2:105,US:282
TIME:3:49:25,,IR1:105,IR2:105,US:208
TIME:3:49:26,,IR1:105,IR2:105,US:91
TIME:3:49:26,,IR1:120,IR2:90,US:75
TIME:3:49:27,,IR1:90,IR2:90,US:59
TIME:3:49:28,,IR1:30,IR2:105,US:20
TIME:3:49:28,,IR1:30,IR2:105,US:122
TIME:3:49:29,,IR1:75,IR2:90,US:370
TIME:3:49:29,,IR1:90,IR2:105,US:180
TIME:3:49:30,,IR1:105,IR2:105,US:162
TIME:3:49:30,,IR1:105,IR2:105,US:160
TIME:3:49:31,,IR1:90,IR2:105,US:153
TIME:3:49:32,,IR1:105,IR2:105,US:294
TIME:3:49:32,,IR1:105,IR2:90,US:84
TIME:3:49:33,,IR1:120,IR2:105,US:67
TIME:3:49:33,,IR1:105,IR2:90,US:58
TIME:3:49:34,,IR1:75,IR2:120,US:38
TIME:3:49:34,,IR1:30,IR2:105,US:24
TIME:3:49:34,,IR1:0,IR2:105,US:42
TIME:3:49:35,,IR1:45,IR2:90,US:307
TIME:3:49:36,,IR1:120,IR2:90,US:168
TIME:3:49:37,,IR1:90,IR2:90,US:160
TIME:3:49:37,,IR1:105,IR2:105,US:116
TIME:3:49:38,,IR1:90,IR2:90,US:109
TIME:3:49:38,,IR1:90,IR2:120,US:89
TIME:3:49:38,,IR1:105,IR2:90,US:58
TIME:3:49:39,,IR1:60,IR2:105,US:39
TIME:3:49:39,,IR1:30,IR2:120,US:63
TIME:3:49:40,,IR1:15,IR2:105,US:167
TIME:3:49:40,,IR1:30,IR2:90,US:207
TIME:3:49:41,,IR1:75,IR2:135,US:330
TIME:3:49:42,,IR1:90,IR2:90,US:321
TIME:3:49:42,,IR1:75,IR2:90,US:301
TIME:3:49:43,,IR1:90,IR2:90,US:280
TIME:3:49:43,,IR1:60,IR2:105,US:263
TIME:3:49:44,,IR1:45,IR2:120,US:105
TIME:3:49:45,,IR1:75,IR2:105,US:20
TIME:3:49:46,,IR1:60,IR2:105,US:208
TIME:3:49:47,,IR1:0,IR2:75,US:138
TIME:3:49:48,,IR1:0,IR2:105,US:400
TIME:3:49:48,,IR1:90,IR2:75,US:302
TIME:3:49:49,,IR1:90,IR2:105,US:71
TIME:3:49:50,,IR1:15,IR2:105,US:18
TIME:3:49:50,,IR1:45,IR2:90,US:400
TIME:3:49:51,,IR1:60,IR2:90,US:400
TIME:3:49:52,,IR1:90,IR2:90,US:359
TIME:3:49:52,,IR1:90,IR2:90,US:102
TIME:3:49:53,,IR1:90,IR2:90,US:73
TIME:3:49:54,,IR1:90,IR2:90,US:54
TIME:3:49:54,,IR1:30,IR2:105,US:31
TIME:3:49:55,,IR1:75,IR2:105,US:97
TIME:3:49:56,,IR1:90,IR2:90,US:106
TIME:3:49:57,,IR1:90,IR2:105,US:100
TIME:3:49:57,,IR1:105,IR2:90,US:130
TIME:3:49:58,,IR1:105,IR2:90,US:97
TIME:3:49:59,,IR1:90,IR2:105,US:82
TIME:3:49:59,,IR1:90,IR2:90,US:59
TIME:3:50:00,,IR1:90,IR2:90,US:39
TIME:3:50:00,,IR1:30,IR2:105,US:221
TIME:3:50:01,,IR1:30,IR2:105,US:243
TIME:3:50:02,,IR1:90,IR2:135,US:291
TIME:3:50:03,,IR1:90,IR2:90,US:400
TIME:3:50:03,,IR1:90,IR2:105,US:400
TIME:3:50:04,,IR1:90,IR2:105,US:111
TIME:3:50:05,,IR1:90,IR2:90,US:83
TIME:3:50:05,,IR1:90,IR2:90,US:59
TIME:3:50:06,,IR1:75,IR2:105,US:47
TIME:3:50:07,,IR1:75,IR2:90,US:28
TIME:3:50:08,,IR1:45,IR2:90,US:200
TIME:3:50:08,,IR1:90,IR2:90,US:49
TIME:3:50:08,,IR1:75,IR2:90,US:31
TIME:3:50:09,,IR1:30,IR2:105,US:16
TIME:3:50:10,,IR1:30,IR2:90,US:146
TIME:3:50:11,,IR1:75,IR2:105,US:147
TIME:3:50:11,,IR1:15,IR2:90,US:222
TIME:3:50:12,,IR1:45,IR2:90,US:35
TIME:3:50:12,,IR1:0,IR2:105,US:117
TIME:3:50:13,,IR1:60,IR2:90,US:113
TIME:3:50:14,,IR1:75,IR2:90,US:119
TIME:3:50:15,,IR1:90,IR2:90,US:67
TIME:3:50:16,,IR1:90,IR2:105,US:45
TIME:3:50:17,,IR1:60,IR2:120,US:146
TIME:3:50:17,,IR1:30,IR2:105,US:115
TIME:3:50:18,,IR1:15,IR2:105,US:156
TIME:3:50:19,,IR1:45,IR2:90,US:199
TIME:3:50:19,,IR1:90,IR2:105,US:39
TIME:3:50:20,,IR1:30,IR2:105,US:15
TIME:3:50:21,,IR1:45,IR2:75,US:4
TIME:3:50:21,,IR1:0,IR2:90,US:15
TIME:3:50:22,,IR1:0,IR2:105,US:222
TIME:3:50:23,,IR1:15,IR2:105,US:195
TIME:3:50:23,,IR1:105,IR2:105,US:111
TIME:3:50:24,,IR1:105,IR2:90,US:67
TIME:3:50:25,,IR1:105,IR2:105,US:47
TIME:3:50:26,,IR1:30,IR2:120,US:28
TIME:3:50:26,,IR1:45,IR2:90,US:259
TIME:3:50:27,,IR1:0,IR2:90,US:68
TIME:3:50:28,,IR1:30,IR2:90,US:121
TIME:3:50:29,,IR1:90,IR2:105,US:131
TIME:3:50:29,,IR1:105,IR2:90,US:109
TIME:3:50:30,,IR1:90,IR2:105,US:123
TIME:3:50:31,,IR1:105,IR2:90,US:60
TIME:3:50:32,,IR1:75,IR2:90,US:60
TIME:3:50:33,,IR1:60,IR2:90,US:8
TIME:3:50:33,,IR1:0,IR2:105,US:12
TIME:3:50:34,,IR1:0,IR2:105,US:107
TIME:3:50:35,,IR1:90,IR2:90,US:182
TIME:3:50:36,,IR1:105,IR2:105,US:163
TIME:3:50:36,,IR1:105,IR2:105,US:103
TIME:3:50:37,,IR1:105,IR2:105,US:87
TIME:3:50:37,,IR1:105,IR2:105,US:65
TIME:3:50:38,,IR1:30,IR2:105,US:37
TIME:3:50:39,,IR1:15,IR2:90,US:191
TIME:3:50:39,,IR1:60,IR2:90,US:362
TIME:3:50:40,,IR1:105,IR2:90,US:166
TIME:3:50:41,,IR1:105,IR2:105,US:207
TIME:3:50:42,,IR1:90,IR2:90,US:185
TIME:3:50:42,,IR1:105,IR2:90,US:154
TIME:3:50:43,,IR1:105,IR2:105,US:134
TIME:3:50:44,,IR1:105,IR2:105,US:113
TIME:3:50:45,,IR1:30,IR2:90,US:91
TIME:3:50:48,,IR1:45,IR2:90,US:142
TIME:3:50:48,,IR1:105,IR2:90,US:182
TIME:3:50:49,,IR1:120,IR2:105,US:136
TIME:3:50:50,,IR1:105,IR2:90,US:131
TIME:3:50:51,,IR1:105,IR2:105,US:74
TIME:3:50:51,,IR1:105,IR2:105,US:46
TIME:3:50:52,,IR1:30,IR2:120,US:23
TIME:3:50:53,,IR1:15,IR2:105,US:110
TIME:3:50:54,,IR1:75,IR2:105,US:193
TIME:3:50:55,,IR1:90,IR2:90,US:146
TIME:3:50:55,,IR1:105,IR2:105,US:136
TIME:3:50:56,,IR1:105,IR2:90,US:91
TIME:3:50:57,,IR1:105,IR2:105,US:69
TIME:3:50:58,,IR1:105,IR2:105,US:42
TIME:3:50:58,,IR1:15,IR2:105,US:20
TIME:3:50:59,,IR1:0,IR2:90,US:147
TIME:3:51:00,,IR1:75,IR2:90,US:155
TIME:3:51:00,,IR1:45,IR2:105,US:170
TIME:3:51:01,,IR1:45,IR2:105,US:142
TIME:3:51:02,,IR1:15,IR2:105,US:359
TIME:3:51:02,,IR1:75,IR2:90,US:36
TIME:3:51:03,,IR1:90,IR2:105,US:21
TIME:3:51:04,,IR1:90,IR2:90,US:119
TIME:3:51:05,,IR1:105,IR2:105,US:101
TIME:3:51:05,,IR1:90,IR2:105,US:40
TIME:3:51:06,,IR1:45,IR2:90,US:23
TIME:3:51:06,,IR1:90,IR2:105,US:115
TIME:3:51:07,,IR1:105,IR2:90,US:365
TIME:3:51:08,,IR1:105,IR2:90,US:105
TIME:3:51:09,,IR1:105,IR2:90,US:317
TIME:3:51:10,,IR1:105,IR2:105,US:69
TIME:3:51:10,,IR1:90,IR2:105,US:47
TIME:3:51:11,,IR1:60,IR2:90,US:28
TIME:3:51:11,,IR1:0,IR2:105,US:44
TIME:3:51:12,,IR1:75,IR2:90,US:167
TIME:3:51:13,,IR1:90,IR2:120,US:162
TIME:3:51:13,,IR1:90,IR2:90,US:157
TIME:3:51:14,,IR1:90,IR2:90,US:107
TIME:3:51:15,,IR1:90,IR2:90,US:125
TIME:3:51:15,,IR1:90,IR2:105,US:88
TIME:3:51:16,,IR1:90,IR2:105,US:52
TIME:3:51:17,,IR1:75,IR2:120,US:178
TIME:3:51:17,,IR1:15,IR2:105,US:46
TIME:3:51:18,,IR1:60,IR2:90,US:144
TIME:3:51:19,,IR1:105,IR2:90,US:187
TIME:3:51:19,,IR1:105,IR2:105,US:160
TIME:3:51:20,,IR1:105,IR2:120,US:140
TIME:3:51:21,,IR1:105,IR2:105,US:100
TIME:3:51:21,,IR1:105,IR2:90,US:70
TIME:3:51:22,,IR1:90,IR2:90,US:44
TIME:3:51:23,,IR1:90,IR2:105,US:22
TIME:3:51:24,,IR1:0,IR2:105,US:245
TIME:3:51:24,,IR1:75,IR2:105,US:122
TIME:3:51:26,,IR1:120,IR2:90,US:123
TIME:3:51:26,,IR1:105,IR2:105,US:107
TIME:3:51:27,,IR1:105,IR2:105,US:73
TIME:3:51:27,,IR1:105,IR2:105,US:62
TIME:3:51:28,,IR1:30,IR2:105,US:40
TIME:3:51:29,,IR1:0,IR2:105,US:173
TIME:3:51:30,,IR1:0,IR2:105,US:145
TIME:3:51:30,,IR1:75,IR2:90,US:335
TIME:3:51:31,,IR1:90,IR2:90,US:97
TIME:3:51:32,,IR1:90,IR2:90,US:96
TIME:3:51:33,,IR1:90,IR2:90,US:69
TIME:3:51:33,,IR1:90,IR2:105,US:46
TIME:3:51:34,,IR1:30,IR2:120,US:24
TIME:3:51:34,,IR1:0,IR2:105,US:194
TIME:3:51:35,,IR1:60,IR2:90,US:103
TIME:3:51:36,,IR1:90,IR2:90,US:124
TIME:3:51:36,,IR1:105,IR2:105,US:83
TIME:3:51:38,,IR1:60,IR2:120,US:43
TIME:3:51:38,,IR1:15,IR2:90,US:187
TIME:3:51:39,,IR1:60,IR2:90,US:161
TIME:3:51:40,,IR1:105,IR2:90,US:319
TIME:3:51:41,,IR1:120,IR2:90,US:400
TIME:3:51:41,,IR1:105,IR2:105,US:400
TIME:3:51:42,,IR1:90,IR2:90,US:90
TIME:3:51:43,,IR1:105,IR2:105,US:55
TIME:3:51:43,,IR1:30,IR2:105,US:29
TIME:3:51:44,,IR1:45,IR2:105,US:186
TIME:3:51:45,,IR1:15,IR2:105,US:396
TIME:3:51:46,,IR1:105,IR2:105,US:93
TIME:3:51:46,,IR1:105,IR2:105,US:69
TIME:3:51:47,,IR1:105,IR2:105,US:46
TIME:3:51:48,,IR1:30,IR2:105,US:30
TIME:3:51:48,,IR1:0,IR2:105,US:263
TIME:3:51:49,,IR1:45,IR2:90,US:44
TIME:3:51:50,,IR1:105,IR2:105,US:85
TIME:3:51:50,,IR1:105,IR2:90,US:60
TIME:3:51:52,,IR1:105,IR2:90,US:38
TIME:3:51:53,,IR1:15,IR2:45,US:16
TIME:3:51:53,,IR1:45,IR2:15,US:14
TIME:3:51:54,,IR1:0,IR2:0,US:15
TIME:3:51:54,,IR1:0,IR2:0,US:15
TIME:3:51:54,,IR1:0,IR2:0,US:116
TIME:3:51:56,,IR1:0,IR2:0,US:112
TIME:3:51:56,,IR1:0,IR2:0,US:113
TIME:3:51:58,,IR1:0,IR2:0,US:111
TIME:3:51:58,,IR1:0,IR2:0,US:113
TIME:3:51:58,,IR1:0,IR2:0,US:113
TIME:3:51:59,,IR1:0,IR2:0,US:112
TIME:3:51:59,,IR1:0,IR2:0,US:227
TIME:3:52:00,,IR1:0,IR2:0,US:116
TIME:3:52:00,,IR1:0,IR2:0,US:122
TIME:3:52:01,,IR1:0,IR2:0,US:24
TIME:3:52:02,,IR1:0,IR2:0,US:28
TIME:3:52:02,,IR1:0,IR2:0,US:185
TIME:3:52:03,,IR1:0,IR2:0,US:97
TIME:3:52:04,,IR1:0,IR2:0,US:14
TIME:3:52:04,,IR1:0,IR2:0,US:254
TIME:3:52:05,,IR1:0,IR2:0,US:32
TIME:3:52:06,,IR1:0,IR2:0,US:27
TIME:3:52:06,,IR1:0,IR2:0,US:24
TIME:3:52:07,,IR1:0,IR2:0,US:63
TIME:3:52:08,,IR1:0,IR2:0,US:23
TIME:3:52:08,,IR1:0,IR2:0,US:15
TIME:3:52:10,,IR1:0,IR2:0,US:6
TIME:3:52:10,,IR1:0,IR2:0,US:62
TIME:3:52:11,,IR1:0,IR2:0,US:27
TIME:3:52:12,,IR1:0,IR2:0,US:21
TIME:3:52:13,,IR1:0,IR2:0,US:27
TIME:3:52:13,,IR1:0,IR2:0,US:23
TIME:3:52:14,,IR1:0,IR2:0,US:36
TIME:3:52:15,,IR1:0,IR2:0,US:36
TIME:3:52:15,,IR1:0,IR2:0,US:70
TIME:3:52:16,,IR1:0,IR2:0,US:170
TIME:3:52:17,,IR1:0,IR2:0,US:20
TIME:3:52:19,,IR1:0,IR2:0,US:14
TIME:3:52:19,,IR1:0,IR2:0,US:21
TIME:3:52:20,,IR1:0,IR2:0,US:22
TIME:3:52:22,,IR1:0,IR2:0,US:157
TIME:3:52:23,,IR1:0,IR2:0,US:12
TIME:3:52:23,,IR1:0,IR2:0,US:9
TIME:3:52:23,,IR1:0,IR2:0,US:9
TIME:3:52:24,,IR1:0,IR2:0,US:12
TIME:3:52:24,,IR1:0,IR2:0,US:19
TIME:3:52:46,,IR1:75,IR2:60,US:104
TIME:3:52:47,,IR1:90,IR2:105,US:92
TIME:3:52:48,,IR1:90,IR2:105,US:76
TIME:3:52:48,,IR1:90,IR2:90,US:59
TIME:3:52:49,,IR1:90,IR2:90,US:46
TIME:3:52:50,,IR1:90,IR2:90,US:61
TIME:3:52:50,,IR1:90,IR2:90,US:45
TIME:3:52:51,,IR1:45,IR2:90,US:38
TIME:3:52:51,,IR1:15,IR2:75,US:22
TIME:3:52:52,,IR1:45,IR2:90,US:12
TIME:3:52:52,,IR1:15,IR2:90,US:23
TIME:3:52:53,,IR1:75,IR2:90,US:137
TIME:3:52:53,,IR1:90,IR2:90,US:110
TIME:3:52:54,,IR1:105,IR2:105,US:102
TIME:3:52:54,,IR1:90,IR2:90,US:94
TIME:3:52:55,,IR1:90,IR2:90,US:67
TIME:3:52:55,,IR1:105,IR2:90,US:53
TIME:3:52:56,,IR1:90,IR2:90,US:37
TIME:3:52:56,,IR1:30,IR2:75,US:21
TIME:3:52:57,,IR1:0,IR2:75,US:16
TIME:3:52:57,,IR1:15,IR2:90,US:69
TIME:3:52:58,,IR1:75,IR2:90,US:86
TIME:3:52:58,,IR1:90,IR2:75,US:89
TIME:3:52:59,,IR1:90,IR2:90,US:71
TIME:3:52:59,,IR1:105,IR2:90,US:37
TIME:3:53:00,,IR1:60,IR2:90,US:24
TIME:3:53:00,,IR1:15,IR2:75,US:12
TIME:3:53:01,,IR1:45,IR2:90,US:20
TIME:3:53:01,,IR1:15,IR2:90,US:94
TIME:3:53:02,,IR1:75,IR2:75,US:51
TIME:3:53:03,,IR1:90,IR2:75,US:71
TIME:3:53:03,,IR1:45,IR2:105,US:56
TIME:3:53:04,,IR1:30,IR2:90,US:142
TIME:3:53:05,,IR1:90,IR2:90,US:334
TIME:3:53:05,,IR1:90,IR2:90,US:400
TIME:3:53:06,,IR1:90,IR2:90,US:400
TIME:3:53:07,,IR1:90,IR2:90,US:279
TIME:3:53:07,,IR1:90,IR2:120,US:261
TIME:3:53:07,,IR1:90,IR2:75,US:247
TIME:3:53:08,,IR1:90,IR2:90,US:151
TIME:3:53:08,,IR1:90,IR2:75,US:217
TIME:3:53:09,,IR1:90,IR2:90,US:203
TIME:3:53:10,,IR1:90,IR2:90,US:186
TIME:3:53:11,,IR1:105,IR2:90,US:91
TIME:3:53:11,,IR1:90,IR2:90,US:74
TIME:3:53:12,,IR1:90,IR2:75,US:145
TIME:3:53:12,,IR1:90,IR2:75,US:134
TIME:3:53:13,,IR1:90,IR2:75,US:267
TIME:3:53:13,,IR1:90,IR2:90,US:117
TIME:3:53:14,,IR1:105,IR2:90,US:101
TIME:3:53:15,,IR1:90,IR2:90,US:86
TIME:3:53:15,,IR1:60,IR2:90,US:61
TIME:3:53:16,,IR1:60,IR2:90,US:119
TIME:3:53:17,,IR1:90,IR2:75,US:155
TIME:3:53:17,,IR1:90,IR2:90,US:160
TIME:3:53:18,,IR1:75,IR2:90,US:100
TIME:3:53:19,,IR1:75,IR2:75,US:88
TIME:3:53:19,,IR1:90,IR2:90,US:13
TIME:3:53:20,,IR1:90,IR2:75,US:96
TIME:3:53:21,,IR1:75,IR2:90,US:46
TIME:3:53:22,,IR1:90,IR2:75,US:177
TIME:3:53:22,,IR1:105,IR2:90,US:190
TIME:3:53:23,,IR1:105,IR2:75,US:325
TIME:3:53:24,,IR1:105,IR2:75,US:242
TIME:3:53:24,,IR1:90,IR2:75,US:285
TIME:3:53:26,,IR1:90,IR2:90,US:235
TIME:3:53:27,,IR1:30,IR2:90,US:50
TIME:3:53:29,,IR1:15,IR2:90,US:400
TIME:3:53:30,,IR1:60,IR2:90,US:137
TIME:3:53:31,,IR1:15,IR2:90,US:50
TIME:3:53:31,,IR1:75,IR2:120,US:38
TIME:3:53:33,,IR1:30,IR2:90,US:35
TIME:3:53:34,,IR1:75,IR2:90,US:77
TIME:3:53:35,,IR1:60,IR2:75,US:121
TIME:3:53:36,,IR1:135,IR2:105,US:74
TIME:3:53:37,,IR1:90,IR2:105,US:72
TIME:3:53:38,,IR1:90,IR2:45,US:282
TIME:3:53:39,,IR1:90,IR2:75,US:129
TIME:3:53:40,,IR1:105,IR2:90,US:112
TIME:3:53:41,,IR1:90,IR2:90,US:400
TIME:3:53:42,,IR1:90,IR2:90,US:400
TIME:3:53:43,,IR1:90,IR2:90,US:400
TIME:3:53:44,,IR1:90,IR2:75,US:400
TIME:3:53:44,,IR1:105,IR2:75,US:400
TIME:3:53:45,,IR1:90,IR2:90,US:400
TIME:3:53:46,,IR1:90,IR2:75,US:230
TIME:3:53:47,,IR1:90,IR2:75,US:190
TIME:3:53:47,,IR1:105,IR2:75,US:173
TIME:3:53:49,,IR1:105,IR2:75,US:153
TIME:3:53:49,,IR1:90,IR2:75,US:133
TIME:3:53:50,,IR1:90,IR2:75,US:114
TIME:3:53:50,,IR1:90,IR2:75,US:97
TIME:3:53:51,,IR1:75,IR2:75,US:73
TIME:3:53:52,,IR1:30,IR2:90,US:55
TIME:3:53:52,,IR1:75,IR2:75,US:82
TIME:3:53:53,,IR1:90,IR2:90,US:72
TIME:3:53:54,,IR1:75,IR2:105,US:29
TIME:3:53:54,,IR1:0,IR2:105,US:13
TIME:3:53:55,,IR1:0,IR2:90,US:177
TIME:3:53:56,,IR1:75,IR2:90,US:142
TIME:3:53:57,,IR1:90,IR2:90,US:122
TIME:3:53:57,,IR1:105,IR2:105,US:94
TIME:3:53:58,,IR1:90,IR2:90,US:89
TIME:3:53:59,,IR1:30,IR2:90,US:87
TIME:3:53:59,,IR1:45,IR2:90,US:42
TIME:3:54:01,,IR1:15,IR2:90,US:73
TIME:3:54:01,,IR1:75,IR2:90,US:119
TIME:3:54:01,,IR1:90,IR2:90,US:93
TIME:3:54:03,,IR1:75,IR2:75,US:81
TIME:3:54:03,,IR1:90,IR2:75,US:60
TIME:3:54:03,,IR1:90,IR2:75,US:44
TIME:3:54:05,,IR1:60,IR2:90,US:25
TIME:3:54:06,,IR1:15,IR2:60,US:32
TIME:3:54:06,,IR1:45,IR2:75,US:32
TIME:3:54:07,,IR1:15,IR2:75,US:22
TIME:3:54:08,,IR1:120,IR2:90,US:84
TIME:3:54:08,,IR1:90,IR2:75,US:59
TIME:3:54:09,,IR1:105,IR2:90,US:46
TIME:3:54:09,,IR1:90,IR2:90,US:38
TIME:3:54:10,,IR1:30,IR2:90,US:21
TIME:3:54:11,,IR1:0,IR2:90,US:20
TIME:3:54:12,,IR1:45,IR2:75,US:21
TIME:3:54:12,,IR1:45,IR2:75,US:113
TIME:3:54:12,,IR1:105,IR2:75,US:137
TIME:3:54:13,,IR1:105,IR2:90,US:85
TIME:3:54:14,,IR1:105,IR2:90,US:68
TIME:3:54:15,,IR1:60,IR2:90,US:32
TIME:3:54:15,,IR1:15,IR2:75,US:28
TIME:3:54:16,,IR1:75,IR2:75,US:113
TIME:3:54:17,,IR1:90,IR2:90,US:99
TIME:3:54:19,,IR1:90,IR2:90,US:97
TIME:3:54:19,,IR1:105,IR2:90,US:73
TIME:3:54:19,,IR1:60,IR2:90,US:37
TIME:3:54:20,,IR1:105,IR2:75,US:56
TIME:3:54:21,,IR1:15,IR2:75,US:116
TIME:3:54:22,,IR1:105,IR2:75,US:86
TIME:3:54:23,,IR1:105,IR2:90,US:66
TIME:3:54:24,,IR1:105,IR2:90,US:48
TIME:3:54:24,,IR1:105,IR2:90,US:105
TIME:3:54:25,,IR1:90,IR2:90,US:69
TIME:3:54:26,,IR1:90,IR2:90,US:50
TIME:3:54:27,,IR1:60,IR2:90,US:25
TIME:3:54:27,,IR1:0,IR2:90,US:400
TIME:3:54:28,,IR1:30,IR2:75,US:41
TIME:3:54:29,,IR1:105,IR2:75,US:177
TIME:3:54:29,,IR1:60,IR2:90,US:139
TIME:3:54:32,,IR1:90,IR2:90,US:47
TIME:3:54:33,,IR1:15,IR2:90,US:23
TIME:3:54:34,,IR1:0,IR2:90,US:53
TIME:3:54:34,,IR1:30,IR2:90,US:66
TIME:3:54:35,,IR1:90,IR2:90,US:94
TIME:3:54:36,,IR1:120,IR2:75,US:77
TIME:3:54:37,,IR1:45,IR2:105,US:21
TIME:3:54:38,,IR1:15,IR2:90,US:16
TIME:3:54:38,,IR1:0,IR2:75,US:64
TIME:3:54:39,,IR1:90,IR2:75,US:156
TIME:3:54:40,,IR1:105,IR2:90,US:127
TIME:3:54:41,,IR1:120,IR2:90,US:119
TIME:3:54:42,,IR1:120,IR2:90,US:108
TIME:3:54:42,,IR1:105,IR2:90,US:400
TIME:3:54:43,,IR1:105,IR2:90,US:400
TIME:3:54:44,,IR1:75,IR2:90,US:21
TIME:3:54:44,,IR1:0,IR2:90,US:400
TIME:3:54:45,,IR1:75,IR2:75,US:111
TIME:3:54:46,,IR1:105,IR2:90,US:80
TIME:3:54:47,,IR1:105,IR2:75,US:71
TIME:3:54:48,,IR1:105,IR2:90,US:105
TIME:3:54:49,,IR1:105,IR2:90,US:111
TIME:3:54:49,,IR1:105,IR2:75,US:121
TIME:3:54:51,,IR1:75,IR2:90,US:254
TIME:3:54:51,,IR1:15,IR2:90,US:238
TIME:3:54:53,,IR1:0,IR2:105,US:95
TIME:3:54:54,,IR1:60,IR2:90,US:239
TIME:3:54:55,,IR1:75,IR2:75,US:52
TIME:3:54:55,,IR1:105,IR2:90,US:35
TIME:3:54:56,,IR1:105,IR2:105,US:175
TIME:3:54:58,,IR1:105,IR2:90,US:54
TIME:3:54:59,,IR1:30,IR2:105,US:191
TIME:3:54:59,,IR1:15,IR2:90,US:30
TIME:3:55:00,,IR1:0,IR2:105,US:140
TIME:3:55:01,,IR1:90,IR2:90,US:118
TIME:3:55:02,,IR1:105,IR2:135,US:136
TIME:3:55:02,,IR1:105,IR2:105,US:190
TIME:3:55:03,,IR1:105,IR2:105,US:161
TIME:3:55:04,,IR1:90,IR2:90,US:59
TIME:3:55:04,,IR1:105,IR2:90,US:57
TIME:3:55:06,,IR1:0,IR2:90,US:400
TIME:3:55:07,,IR1:0,IR2:105,US:400
TIME:3:55:09,,IR1:90,IR2:90,US:400
TIME:3:55:09,,IR1:90,IR2:90,US:400
TIME:3:55:10,,IR1:90,IR2:105,US:400
TIME:3:55:10,,IR1:90,IR2:105,US:400
TIME:3:55:11,,IR1:90,IR2:105,US:400
TIME:3:55:12,,IR1:75,IR2:90,US:400
TIME:3:55:13,,IR1:30,IR2:105,US:58
TIME:3:55:14,,IR1:75,IR2:75,US:38
TIME:3:55:15,,IR1:105,IR2:90,US:77
TIME:3:55:16,,IR1:105,IR2:90,US:58
TIME:3:55:17,,IR1:45,IR2:90,US:34
TIME:3:55:18,,IR1:60,IR2:105,US:23
TIME:3:55:18,,IR1:105,IR2:90,US:142
TIME:3:55:19,,IR1:105,IR2:105,US:228
TIME:3:55:20,,IR1:105,IR2:90,US:400
TIME:3:55:21,,IR1:105,IR2:90,US:400
TIME:3:55:22,,IR1:120,IR2:105,US:357
TIME:3:55:23,,IR1:75,IR2:105,US:39
TIME:3:55:23,,IR1:15,IR2:105,US:26
TIME:3:55:24,,IR1:15,IR2:105,US:39
TIME:3:55:25,,IR1:90,IR2:105,US:180
TIME:3:55:27,,IR1:105,IR2:105,US:74
TIME:3:55:27,,IR1:105,IR2:90,US:59
TIME:3:55:28,,IR1:105,IR2:90,US:61
TIME:3:55:29,,IR1:105,IR2:105,US:61
TIME:3:55:30,,IR1:90,IR2:120,US:36
TIME:3:55:30,,IR1:15,IR2:105,US:18
TIME:3:55:32,,IR1:105,IR2:90,US:66
TIME:3:55:33,,IR1:45,IR2:120,US:20
TIME:3:55:33,,IR1:60,IR2:90,US:63
TIME:3:55:34,,IR1:90,IR2:105,US:299
TIME:3:55:35,,IR1:105,IR2:105,US:41
TIME:3:55:36,,IR1:60,IR2:105,US:20
TIME:3:55:37,,IR1:30,IR2:105,US:259
TIME:3:55:37,,IR1:90,IR2:90,US:52
TIME:3:55:38,,IR1:15,IR2:90,US:109
TIME:3:55:39,,IR1:90,IR2:105,US:264
TIME:3:55:40,,IR1:105,IR2:90,US:160
TIME:3:55:41,,IR1:105,IR2:90,US:48
TIME:3:55:42,,IR1:30,IR2:105,US:25
TIME:3:55:42,,IR1:45,IR2:90,US:53
TIME:3:55:43,,IR1:15,IR2:90,US:109
TIME:3:55:45,,IR1:90,IR2:90,US:400
TIME:3:55:46,,IR1:105,IR2:90,US:62
TIME:3:55:47,,IR1:90,IR2:105,US:41
TIME:3:55:47,,IR1:45,IR2:105,US:14
TIME:3:55:48,,IR1:0,IR2:105,US:111
TIME:3:55:49,,IR1:15,IR2:90,US:107
TIME:3:55:49,,IR1:105,IR2:105,US:400
TIME:3:55:50,,IR1:105,IR2:90,US:400
TIME:3:55:51,,IR1:105,IR2:105,US:287
TIME:3:55:52,,IR1:135,IR2:105,US:47
TIME:3:55:53,,IR1:15,IR2:105,US:25
TIME:3:55:54,,IR1:90,IR2:90,US:86
TIME:3:55:54,,IR1:90,IR2:105,US:63
TIME:3:55:56,,IR1:30,IR2:105,US:21
TIME:3:55:56,,IR1:60,IR2:90,US:258
TIME:3:55:57,,IR1:90,IR2:120,US:400
TIME:3:55:58,,IR1:105,IR2:105,US:267
TIME:3:55:59,,IR1:105,IR2:105,US:91
TIME:3:56:00,,IR1:90,IR2:105,US:69
TIME:3:56:01,,IR1:105,IR2:105,US:47
TIME:3:56:01,,IR1:30,IR2:90,US:138
TIME:3:56:02,,IR1:30,IR2:90,US:99
TIME:3:56:02,,IR1:165,IR2:90,US:73
TIME:3:56:04,,IR1:90,IR2:105,US:29
TIME:3:56:04,,IR1:30,IR2:90,US:232
TIME:3:56:06,,IR1:45,IR2:105,US:33
TIME:3:56:07,,IR1:90,IR2:90,US:87
TIME:3:56:08,,IR1:105,IR2:90,US:60
TIME:3:56:08,,IR1:60,IR2:105,US:35
TIME:3:56:09,,IR1:45,IR2:90,US:139
TIME:3:56:11,,IR1:75,IR2:105,US:30
TIME:3:56:12,,IR1:45,IR2:105,US:133
TIME:3:56:12,,IR1:105,IR2:90,US:67
TIME:3:56:13,,IR1:105,IR2:90,US:39
TIME:3:56:14,,IR1:45,IR2:105,US:21
TIME:3:56:15,,IR1:60,IR2:105,US:269
TIME:3:56:16,,IR1:105,IR2:105,US:400
TIME:3:56:17,,IR1:105,IR2:105,US:400
TIME:3:56:19,,IR1:90,IR2:105,US:38
TIME:3:56:20,,IR1:15,IR2:105,US:19
TIME:3:56:20,,IR1:75,IR2:90,US:55
TIME:3:56:21,,IR1:60,IR2:90,US:27
TIME:3:56:22,,IR1:75,IR2:105,US:185
TIME:3:56:24,,IR1:15,IR2:90,US:21
TIME:3:56:24,,IR1:90,IR2:90,US:68
TIME:3:56:25,,IR1:45,IR2:105,US:29
TIME:3:56:26,,IR1:75,IR2:90,US:254
TIME:3:56:27,,IR1:45,IR2:105,US:196
TIME:3:56:28,,IR1:60,IR2:90,US:19
TIME:3:56:29,,IR1:105,IR2:90,US:66
TIME:3:56:29,,IR1:90,IR2:120,US:36
TIME:3:56:32,,IR1:75,IR2:105,US:160
TIME:3:56:33,,IR1:0,IR2:120,US:14
TIME:3:56:33,,IR1:75,IR2:90,US:58
TIME:3:56:34,,IR1:105,IR2:90,US:64
TIME:3:56:35,,IR1:105,IR2:105,US:50
TIME:3:56:36,,IR1:60,IR2:105,US:13
TIME:3:56:39,,IR1:120,IR2:105,US:58
TIME:3:56:40,,IR1:30,IR2:105,US:22
TIME:3:56:40,,IR1:75,IR2:90,US:400
TIME:3:56:42,,IR1:105,IR2:90,US:77
TIME:3:56:44,,IR1:0,IR2:90,US:17
TIME:3:56:46,,IR1:105,IR2:90,US:51
TIME:3:56:49,,IR1:120,IR2:90,US:38
TIME:3:56:50,,IR1:75,IR2:90,US:51
TIME:3:56:52,,IR1:105,IR2:105,US:37
TIME:3:56:53,,IR1:45,IR2:105,US:98
TIME:3:56:55,,IR1:105,IR2:105,US:56
TIME:3:56:57,,IR1:105,IR2:105,US:94
TIME:3:56:57,,IR1:105,IR2:105,US:57
TIME:3:56:59,,IR1:105,IR2:105,US:41
TIME:3:56:59,,IR1:30,IR2:105,US:22
TIME:3:57:01,,IR1:45,IR2:105,US:20
TIME:3:57:02,,IR1:90,IR2:105,US:51
TIME:3:57:03,,IR1:30,IR2:105,US:13
TIME:3:57:04,,IR1:105,IR2:105,US:77
TIME:3:57:05,,IR1:105,IR2:90,US:66
TIME:3:57:06,,IR1:105,IR2:105,US:38
TIME:3:57:07,,IR1:15,IR2:105,US:15
TIME:3:57:08,,IR1:30,IR2:90,US:400
TIME:3:57:08,,IR1:90,IR2:90,US:35
TIME:3:57:09,,IR1:105,IR2:105,US:93
TIME:3:57:11,,IR1:60,IR2:120,US:30
TIME:3:57:11,,IR1:15,IR2:90,US:77
TIME:3:57:13,,IR1:45,IR2:90,US:104
TIME:3:57:15,,IR1:105,IR2:105,US:79
TIME:3:57:16,,IR1:0,IR2:90,US:212
TIME:3:57:17,,IR1:105,IR2:105,US:125
TIME:3:57:17,,IR1:105,IR2:120,US:103
TIME:3:57:19,,IR1:90,IR2:105,US:56
TIME:3:57:20,,IR1:60,IR2:105,US:25
TIME:3:57:21,,IR1:15,IR2:105,US:258
TIME:3:57:21,,IR1:60,IR2:120,US:143
TIME:3:57:22,,IR1:105,IR2:105,US:202
TIME:3:57:23,,IR1:105,IR2:120,US:96
TIME:3:57:24,,IR1:105,IR2:105,US:32
TIME:3:57:25,,IR1:45,IR2:90,US:366
TIME:3:57:26,,IR1:105,IR2:105,US:96
TIME:3:57:27,,IR1:105,IR2:105,US:72
TIME:3:57:28,,IR1:105,IR2:90,US:64
TIME:3:57:29,,IR1:60,IR2:105,US:27
TIME:3:57:30,,IR1:90,IR2:90,US:400
TIME:3:57:30,,IR1:105,IR2:105,US:400
TIME:3:57:31,,IR1:120,IR2:105,US:400
TIME:3:57:32,,IR1:60,IR2:105,US:22
TIME:3:57:33,,IR1:45,IR2:105,US:128
TIME:3:57:34,,IR1:105,IR2:105,US:100
TIME:3:57:34,,IR1:105,IR2:90,US:65
TIME:3:57:35,,IR1:105,IR2:105,US:42
TIME:3:57:36,,IR1:105,IR2:105,US:20
TIME:3:57:39,,IR1:90,IR2:105,US:24
TIME:3:57:40,,IR1:15,IR2:90,US:11
TIME:3:57:41,,IR1:15,IR2:90,US:23
TIME:3:57:41,,IR1:90,IR2:105,US:171
TIME:3:57:42,,IR1:105,IR2:105,US:123
TIME:3:57:44,,IR1:105,IR2:105,US:54
TIME:3:57:45,,IR1:45,IR2:105,US:32
TIME:3:57:46,,IR1:15,IR2:105,US:117
TIME:3:57:46,,IR1:45,IR2:120,US:9
TIME:3:57:47,,IR1:120,IR2:105,US:135
TIME:3:57:48,,IR1:90,IR2:105,US:400
TIME:3:57:49,,IR1:105,IR2:90,US:326
TIME:3:57:49,,IR1:105,IR2:105,US:400
TIME:3:57:51,,IR1:105,IR2:105,US:400
TIME:3:57:51,,IR1:105,IR2:90,US:400
TIME:3:57:53,,IR1:105,IR2:105,US:400
TIME:3:57:53,,IR1:120,IR2:90,US:91
TIME:3:57:54,,IR1:105,IR2:90,US:63
TIME:3:57:55,,IR1:45,IR2:120,US:14
TIME:3:57:56,,IR1:45,IR2:90,US:400
TIME:3:57:57,,IR1:90,IR2:105,US:89
TIME:3:57:57,,IR1:90,IR2:120,US:82
TIME:3:57:58,,IR1:105,IR2:105,US:62
TIME:3:57:59,,IR1:60,IR2:105,US:22
TIME:3:58:00,,IR1:15,IR2:105,US:84
TIME:3:58:01,,IR1:105,IR2:90,US:177
TIME:3:58:03,,IR1:60,IR2:105,US:30
TIME:3:58:03,,IR1:45,IR2:105,US:222
TIME:3:58:05,,IR1:105,IR2:120,US:258
TIME:3:58:05,,IR1:105,IR2:105,US:136
TIME:3:58:06,,IR1:105,IR2:105,US:213
TIME:3:58:07,,IR1:60,IR2:105,US:187
TIME:3:58:08,,IR1:90,IR2:90,US:47
TIME:3:58:09,,IR1:75,IR2:90,US:32
TIME:3:58:10,,IR1:45,IR2:105,US:400
TIME:3:58:11,,IR1:75,IR2:90,US:400
TIME:3:58:11,,IR1:90,IR2:120,US:259
TIME:3:58:13,,IR1:90,IR2:105,US:134
TIME:3:58:14,,IR1:90,IR2:90,US:116
TIME:3:58:15,,IR1:90,IR2:105,US:151
TIME:3:58:16,,IR1:90,IR2:105,US:55
TIME:3:58:16,,IR1:90,IR2:105,US:36
TIME:3:58:18,,IR1:30,IR2:105,US:16
TIME:3:58:18,,IR1:75,IR2:90,US:113
TIME:3:58:20,,IR1:90,IR2:90,US:45
TIME:3:58:21,,IR1:60,IR2:105,US:149
TIME:3:58:22,,IR1:105,IR2:105,US:69
TIME:3:58:22,,IR1:105,IR2:90,US:34
TIME:3:58:23,,IR1:105,IR2:105,US:63
TIME:3:58:24,,IR1:105,IR2:90,US:45
TIME:3:58:25,,IR1:75,IR2:120,US:26
TIME:3:58:27,,IR1:105,IR2:120,US:137
TIME:3:58:27,,IR1:105,IR2:105,US:82
TIME:3:58:28,,IR1:105,IR2:90,US:61
TIME:3:58:29,,IR1:105,IR2:105,US:41
TIME:3:58:30,,IR1:15,IR2:105,US:16
TIME:3:58:31,,IR1:75,IR2:90,US:121
TIME:3:58:32,,IR1:90,IR2:105,US:102
TIME:3:58:33,,IR1:90,IR2:105,US:79
TIME:3:58:34,,IR1:105,IR2:120,US:40
TIME:3:58:36,,IR1:30,IR2:90,US:72
TIME:3:58:36,,IR1:105,IR2:105,US:54
TIME:3:58:37,,IR1:75,IR2:105,US:31
TIME:3:58:38,,IR1:30,IR2:105,US:93
TIME:3:58:39,,IR1:105,IR2:105,US:75
TIME:3:58:41,,IR1:75,IR2:120,US:32
TIME:3:58:41,,IR1:45,IR2:105,US:34
TIME:3:58:42,,IR1:45,IR2:90,US:52
TIME:3:58:43,,IR1:90,IR2:105,US:43
TIME:3:58:44,,IR1:90,IR2:105,US:36
TIME:3:58:46,,IR1:30,IR2:120,US:15
TIME:3:58:47,,IR1:60,IR2:90,US:400
TIME:3:58:48,,IR1:105,IR2:105,US:20
TIME:3:58:48,,IR1:0,IR2:105,US:58
TIME:3:58:49,,IR1:75,IR2:90,US:124
TIME:3:58:50,,IR1:105,IR2:120,US:107
TIME:3:58:53,,IR1:75,IR2:105,US:36
TIME:3:58:53,,IR1:15,IR2:120,US:36
TIME:3:58:54,,IR1:90,IR2:105,US:236
TIME:3:58:56,,IR1:105,IR2:90,US:35
TIME:3:58:57,,IR1:30,IR2:90,US:15
TIME:3:58:58,,IR1:30,IR2:90,US:60
TIME:3:58:58,,IR1:105,IR2:90,US:26
TIME:3:58:59,,IR1:60,IR2:105,US:143
TIME:3:59:00,,IR1:90,IR2:105,US:122
TIME:3:59:01,,IR1:90,IR2:105,US:102
TIME:3:59:04,,IR1:105,IR2:120,US:400
TIME:3:59:05,,IR1:105,IR2:90,US:65
TIME:3:59:06,,IR1:45,IR2:105,US:33
TIME:3:59:06,,IR1:15,IR2:105,US:52
TIME:3:59:08,,IR1:75,IR2:105,US:137
TIME:3:59:09,,IR1:45,IR2:105,US:27
TIME:3:59:10,,IR1:30,IR2:90,US:43
TIME:3:59:10,,IR1:90,IR2:90,US:46
TIME:3:59:11,,IR1:45,IR2:105,US:24
TIME:3:59:12,,IR1:0,IR2:105,US:18
TIME:3:59:13,,IR1:90,IR2:105,US:40
TIME:3:59:14,,IR1:105,IR2:105,US:123
TIME:3:59:15,,IR1:75,IR2:105,US:30
TIME:3:59:17,,IR1:150,IR2:105,US:48
TIME:3:59:18,,IR1:105,IR2:105,US:80
TIME:3:59:19,,IR1:105,IR2:105,US:88
TIME:3:59:20,,IR1:120,IR2:105,US:69
TIME:3:59:21,,IR1:105,IR2:120,US:43
TIME:3:59:22,,IR1:75,IR2:75,US:69
TIME:3:59:23,,IR1:30,IR2:90,US:31
TIME:3:59:23,,IR1:45,IR2:90,US:163
TIME:3:59:24,,IR1:90,IR2:105,US:42
TIME:3:59:25,,IR1:60,IR2:90,US:24
TIME:3:59:26,,IR1:15,IR2:105,US:12
TIME:3:59:27,,IR1:105,IR2:105,US:91
TIME:3:59:29,,IR1:120,IR2:90,US:47
TIME:3:59:30,,IR1:60,IR2:90,US:25
TIME:3:59:30,,IR1:15,IR2:105,US:127
TIME:3:59:31,,IR1:60,IR2:90,US:49
TIME:3:59:32,,IR1:105,IR2:105,US:38
TIME:3:59:33,,IR1:30,IR2:105,US:12
TIME:3:59:34,,IR1:105,IR2:105,US:67
TIME:3:59:34,,IR1:135,IR2:105,US:51
TIME:3:59:35,,IR1:90,IR2:90,US:33
TIME:3:59:37,,IR1:45,IR2:90,US:83
TIME:3:59:37,,IR1:15,IR2:75,US:52
TIME:3:59:38,,IR1:75,IR2:90,US:158
TIME:3:59:39,,IR1:105,IR2:105,US:118
TIME:3:59:41,,IR1:15,IR2:90,US:44
TIME:3:59:41,,IR1:60,IR2:90,US:201
TIME:3:59:42,,IR1:105,IR2:90,US:268
TIME:3:59:43,,IR1:105,IR2:90,US:236
TIME:3:59:44,,IR1:105,IR2:90,US:205
TIME:3:59:45,,IR1:105,IR2:90,US:188
TIME:3:59:46,,IR1:105,IR2:90,US:48
TIME:3:59:47,,IR1:105,IR2:90,US:51
TIME:3:59:48,,IR1:60,IR2:105,US:28
TIME:3:59:49,,IR1:30,IR2:90,US:18
TIME:3:59:50,,IR1:60,IR2:90,US:400
TIME:3:59:50,,IR1:105,IR2:90,US:230
TIME:3:59:51,,IR1:30,IR2:105,US:26
TIME:3:59:53,,IR1:90,IR2:90,US:104
TIME:3:59:54,,IR1:105,IR2:105,US:65
TIME:3:59:54,,IR1:90,IR2:105,US:57
TIME:3:59:55,,IR1:60,IR2:105,US:38
TIME:3:59:56,,IR1:45,IR2:105,US:106
TIME:3:59:57,,IR1:45,IR2:105,US:42
TIME:3:59:58,,IR1:30,IR2:105,US:19
TIME:3:59:59,,IR1:45,IR2:105,US:64
TIME:4:00:00,,IR1:30,IR2:105,US:90
TIME:4:00:01,,IR1:90,IR2:90,US:103
TIME:4:00:02,,IR1:105,IR2:105,US:78
TIME:4:00:03,,IR1:90,IR2:105,US:54
TIME:4:00:04,,IR1:45,IR2:90,US:20
TIME:4:00:05,,IR1:90,IR2:90,US:117
TIME:4:00:05,,IR1:105,IR2:105,US:44
TIME:4:00:07,,IR1:90,IR2:105,US:400
TIME:4:00:09,,IR1:90,IR2:90,US:132
TIME:4:00:09,,IR1:120,IR2:90,US:116
TIME:4:00:10,,IR1:0,IR2:105,US:100
TIME:4:00:12,,IR1:105,IR2:90,US:79
TIME:4:00:13,,IR1:105,IR2:90,US:59
TIME:4:00:13,,IR1:105,IR2:120,US:43
TIME:4:00:14,,IR1:45,IR2:105,US:20
TIME:4:00:15,,IR1:30,IR2:90,US:76
TIME:4:00:17,,IR1:75,IR2:90,US:202
TIME:4:00:18,,IR1:105,IR2:90,US:30
TIME:4:00:18,,IR1:45,IR2:105,US:18
TIME:4:00:20,,IR1:90,IR2:90,US:41
TIME:4:00:21,,IR1:90,IR2:105,US:28
TIME:4:00:22,,IR1:60,IR2:105,US:15
TIME:4:00:22,,IR1:15,IR2:90,US:21
TIME:4:00:23,,IR1:90,IR2:105,US:34
TIME:4:00:24,,IR1:60,IR2:105,US:16
TIME:4:00:25,,IR1:45,IR2:105,US:54
TIME:4:00:27,,IR1:105,IR2:105,US:57
TIME:4:00:28,,IR1:0,IR2:90,US:106
TIME:4:00:29,,IR1:90,IR2:105,US:98
TIME:4:00:30,,IR1:105,IR2:105,US:65
TIME:4:00:32,,IR1:75,IR2:105,US:31
TIME:4:00:33,,IR1:90,IR2:105,US:26
TIME:4:00:33,,IR1:75,IR2:105,US:19
TIME:4:00:34,,IR1:120,IR2:90,US:41
TIME:4:00:35,,IR1:90,IR2:90,US:24
TIME:4:00:36,,IR1:15,IR2:105,US:14
TIME:4:00:37,,IR1:105,IR2:90,US:42
TIME:4:00:38,,IR1:75,IR2:120,US:29
TIME:4:00:39,,IR1:90,IR2:90,US:46
TIME:4:00:41,,IR1:120,IR2:105,US:142
TIME:4:00:42,,IR1:15,IR2:105,US:16
TIME:4:00:43,,IR1:105,IR2:90,US:400
TIME:4:00:45,,IR1:30,IR2:90,US:18
TIME:4:00:45,,IR1:45,IR2:90,US:13
TIME:4:00:46,,IR1:90,IR2:75,US:85
TIME:4:00:48,,IR1:105,IR2:105,US:47
TIME:4:00:50,,IR1:30,IR2:105,US:14
TIME:4:00:51,,IR1:90,IR2:105,US:61
TIME:4:00:51,,IR1:105,IR2:90,US:16
TIME:4:00:53,,IR1:15,IR2:90,US:40
TIME:4:00:53,,IR1:15,IR2:105,US:215
TIME:4:00:55,,IR1:75,IR2:90,US:64
TIME:4:00:55,,IR1:90,IR2:90,US:31
TIME:4:00:56,,IR1:90,IR2:105,US:26
TIME:4:00:57,,IR1:15,IR2:105,US:44
TIME:4:00:58,,IR1:15,IR2:90,US:44
TIME:4:00:59,,IR1:105,IR2:90,US:77
TIME:4:01:00,,IR1:30,IR2:105,US:18
TIME:4:01:02,,IR1:30,IR2:90,US:176
TIME:4:01:04,,IR1:90,IR2:90,US:400
TIME:4:01:04,,IR1:90,IR2:90,US:400
TIME:4:01:05,,IR1:0,IR2:90,US:5
TIME:4:01:06,,IR1:105,IR2:90,US:39
TIME:4:01:08,,IR1:15,IR2:90,US:26
TIME:4:01:09,,IR1:0,IR2:105,US:156
TIME:4:01:10,,IR1:45,IR2:90,US:83
TIME:4:01:11,,IR1:105,IR2:105,US:163
TIME:4:01:12,,IR1:90,IR2:105,US:134
TIME:4:01:12,,IR1:45,IR2:90,US:45
TIME:4:01:14,,IR1:90,IR2:105,US:60
TIME:4:01:15,,IR1:105,IR2:105,US:31
TIME:4:01:17,,IR1:30,IR2:90,US:400
TIME:4:01:18,,IR1:45,IR2:120,US:19
TIME:4:01:20,,IR1:60,IR2:75,US:98
TIME:4:01:21,,IR1:15,IR2:75,US:5
TIME:4:01:22,,IR1:75,IR2:60,US:79
TIME:4:01:24,,IR1:105,IR2:60,US:37
TIME:4:01:26,,IR1:45,IR2:90,US:165
TIME:4:01:27,,IR1:120,IR2:60,US:90
TIME:4:01:28,,IR1:120,IR2:60,US:94
TIME:4:01:29,,IR1:90,IR2:60,US:36
TIME:4:01:30,,IR1:15,IR2:60,US:18
TIME:4:01:30,,IR1:15,IR2:30,US:58
TIME:4:01:31,,IR1:105,IR2:0,US:128
TIME:4:01:33,,IR1:90,IR2:0,US:400
TIME:4:01:34,,IR1:105,IR2:0,US:400
TIME:4:01:35,,IR1:75,IR2:0,US:31
TIME:4:01:36,,IR1:15,IR2:60,US:15
TIME:4:01:37,,IR1:0,IR2:30,US:123
TIME:4:01:37,,IR1:45,IR2:0,US:135
TIME:4:01:38,,IR1:105,IR2:30,US:105
TIME:4:01:39,,IR1:60,IR2:30,US:84
TIME:4:01:40,,IR1:105,IR2:30,US:400
TIME:4:01:41,,IR1:105,IR2:30,US:400
TIME:4:01:42,,IR1:45,IR2:60,US:23
TIME:4:01:44,,IR1:105,IR2:60,US:114
TIME:4:01:45,,IR1:105,IR2:30,US:94
TIME:4:01:47,,IR1:60,IR2:60,US:85
TIME:4:01:47,,IR1:45,IR2:30,US:173
TIME:4:01:49,,IR1:105,IR2:60,US:33
TIME:4:01:50,,IR1:15,IR2:0,US:145
TIME:4:01:52,,IR1:105,IR2:0,US:66
TIME:4:01:53,,IR1:45,IR2:0,US:19
TIME:4:01:55,,IR1:15,IR2:0,US:104
TIME:4:01:57,,IR1:105,IR2:0,US:88
TIME:4:01:58,,IR1:60,IR2:0,US:39
TIME:4:01:59,,IR1:0,IR2:0,US:108
TIME:4:02:00,,IR1:105,IR2:0,US:47
TIME:4:02:01,,IR1:75,IR2:0,US:26
TIME:4:02:02,,IR1:45,IR2:0,US:13
TIME:4:02:03,,IR1:15,IR2:0,US:364
TIME:4:02:04,,IR1:75,IR2:0,US:180
TIME:4:02:05,,IR1:90,IR2:0,US:111
TIME:4:02:06,,IR1:120,IR2:0,US:150
TIME:4:02:07,,IR1:90,IR2:0,US:36
TIME:4:02:07,,IR1:30,IR2:0,US:17
TIME:4:02:08,,IR1:90,IR2:0,US:101
TIME:4:02:09,,IR1:105,IR2:0,US:29
TIME:4:02:10,,IR1:15,IR2:0,US:17
TIME:4:02:11,,IR1:90,IR2:0,US:24
TIME:4:02:13,,IR1:75,IR2:0,US:87
TIME:4:02:13,,IR1:105,IR2:0,US:49
TIME:4:02:14,,IR1:45,IR2:0,US:24
TIME:4:02:38,,IR1:0,IR2:0,US:50
TIME:4:02:38,,IR1:0,IR2:0,US:57
TIME:4:02:39,,IR1:0,IR2:0,US:51
TIME:4:02:41,,IR1:0,IR2:0,US:43
TIME:4:02:41,,IR1:0,IR2:0,US:50
TIME:4:02:41,,IR1:0,IR2:0,US:51
TIME:4:02:43,,IR1:0,IR2:0,US:51
TIME:4:02:43,,IR1:0,IR2:0,US:50
TIME:4:02:43,,IR1:0,IR2:0,US:51
TIME:4:02:44,,IR1:0,IR2:0,US:53
TIME:4:02:46,,IR1:0,IR2:0,US:95
TIME:4:02:46,,IR1:0,IR2:0,US:105
TIME:4:02:46,,IR1:0,IR2:0,US:109
TIME:4:02:47,,IR1:0,IR2:0,US:400
TIME:4:02:47,,IR1:0,IR2:0,US:162
TIME:4:02:47,,IR1:0,IR2:0,US:41
TIME:4:02:50,,IR1:0,IR2:0,US:50
TIME:4:02:50,,IR1:0,IR2:0,US:43
TIME:4:02:50,,IR1:0,IR2:2985,US:45
TIME:4:02:51,,IR1:0,IR2:60,US:42
TIME:4:02:51,,IR1:0,IR2:60,US:42
TIME:4:02:51,,IR1:0,IR2:900,US:45
TIME:4:02:52,,IR1:0,IR2:5535,US:47
TIME:4:02:54,,IR1:0,IR2:2205,US:38
TIME:4:02:54,,IR1:0,IR2:8295,US:47
TIME:4:02:54,,IR1:0,IR2:1485,US:45
TIME:4:02:55,,IR1:0,IR2:0,US:58
TIME:4:02:55,,IR1:0,IR2:45,US:53
TIME:4:02:55,,IR1:0,IR2:0,US:47
TIME:4:02:55,,IR1:0,IR2:0,US:41
TIME:4:02:57,,IR1:0,IR2:0,US:34
TIME:4:02:58,,IR1:0,IR2:0,US:5
TIME:4:02:58,,IR1:0,IR2:0,US:3
TIME:4:02:58,,IR1:120,IR2:120,US:2
TIME:4:02:58,,IR1:150,IR2:150,US:2
TIME:4:02:59,,IR1:135,IR2:150,US:2
TIME:4:02:59,,IR1:135,IR2:150,US:2
TIME:4:03:01,,IR1:135,IR2:150,US:1
TIME:4:03:01,,IR1:150,IR2:150,US:2
TIME:4:03:02,,IR1:150,IR2:150,US:1
TIME:4:03:02,,IR1:150,IR2:135,US:1
TIME:4:03:02,,IR1:150,IR2:135,US:1
TIME:4:03:03,,IR1:135,IR2:135,US:1
TIME:4:03:03,,IR1:120,IR2:105,US:1
TIME:4:03:08,,IR1:180,IR2:135,US:1
TIME:4:03:09,,IR1:120,IR2:120,US:1
TIME:4:03:09,,IR1:135,IR2:135,US:1
TIME:4:03:09,,IR1:105,IR2:75,US:1
TIME:4:03:11,,IR1:45,IR2:30,US:1
TIME:4:03:12,,IR1:0,IR2:0,US:8
TIME:4:03:13,,IR1:0,IR2:0,US:11
TIME:4:03:13,,IR1:0,IR2:0,US:46
